frame_index,azimuthal_bin,theta_radians,theta_degrees,ground_truth_azimuthal_profile,reconstruction_azimuthal_profile,pixel_count,annulus_inner_pixels,annulus_outer_pixels
0,0,0.04363323129985824,2.5,,,0,1.75390625,5.75390625
0,1,0.1308996938995747,7.499999999999999,0.11794871794871796,0.08235294117647059,3,1.75390625,5.75390625
0,2,0.21816615649929116,12.499999999999998,0.0,0.03137254901960784,1,1.75390625,5.75390625
0,3,0.30543261909900765,17.5,0.1,0.08235294117647059,2,1.75390625,5.75390625
0,4,0.39269908169872414,22.5,0.13076923076923078,0.08235294117647059,1,1.75390625,5.75390625
0,5,0.4799655442984406,27.5,0.12307692307692308,0.10196078431372549,1,1.75390625,5.75390625
0,6,0.5672320068981571,32.5,0.007692307692307693,0.043137254901960784,1,1.75390625,5.75390625
0,7,0.6544984694978735,37.49999999999999,0.11538461538461539,0.10980392156862745,2,1.75390625,5.75390625
0,8,0.7417649320975901,42.5,,,0,1.75390625,5.75390625
0,9,0.8290313946973065,47.5,0.08717948717948719,0.07320261437908497,3,1.75390625,5.75390625
0,10,0.9162978572970231,52.50000000000001,0.13846153846153847,0.12352941176470589,2,1.75390625,5.75390625
0,11,1.0035643198967394,57.5,0.015384615384615385,0.0392156862745098,1,1.75390625,5.75390625
0,12,1.090830782496456,62.50000000000001,0.13076923076923078,0.14901960784313725,1,1.75390625,5.75390625
0,13,1.1780972450961724,67.5,0.13076923076923078,0.08627450980392157,1,1.75390625,5.75390625
0,14,1.2653637076958888,72.5,0.13076923076923078,0.13137254901960785,2,1.75390625,5.75390625
0,15,1.3526301702956054,77.5,0.0,0.027450980392156862,1,1.75390625,5.75390625
0,16,1.4398966328953218,82.5,0.16666666666666666,0.13856209150326795,3,1.75390625,5.75390625
0,17,1.5271630954950384,87.5,,,0,1.75390625,5.75390625
0,18,1.6144295580947547,92.5,,,0,1.75390625,5.75390625
0,19,1.7016960206944711,97.49999999999999,0.21794871794871795,0.17908496732026147,3,1.75390625,5.75390625
0,20,1.7889624832941877,102.5,0.0,0.047058823529411764,1,1.75390625,5.75390625
0,21,1.8762289458939043,107.5,0.3,0.2784313725490196,2,1.75390625,5.75390625
0,22,1.9634954084936207,112.5,0.3076923076923077,0.12549019607843137,1,1.75390625,5.75390625
0,23,2.050761871093337,117.5,0.3769230769230769,0.3411764705882353,1,1.75390625,5.75390625
0,24,2.1380283336930535,122.49999999999999,0.08461538461538462,0.09019607843137255,1,1.75390625,5.75390625
0,25,2.2252947962927703,127.50000000000001,0.36923076923076925,0.3156862745098039,2,1.75390625,5.75390625
0,26,2.3125612588924866,132.5,,,0,1.75390625,5.75390625
0,27,2.399827721492203,137.5,0.26153846153846155,0.20130718954248364,3,1.75390625,5.75390625
0,28,2.4870941840919194,142.5,0.5038461538461538,0.4372549019607843,2,1.75390625,5.75390625
0,29,2.574360646691636,147.49999999999997,0.18461538461538463,0.1450980392156863,1,1.75390625,5.75390625
0,30,2.6616271092913526,152.5,0.6153846153846154,0.5843137254901961,1,1.75390625,5.75390625
0,31,2.748893571891069,157.5,0.5076923076923077,0.29411764705882354,1,1.75390625,5.75390625
0,32,2.8361600344907854,162.5,0.6576923076923077,0.7294117647058823,2,1.75390625,5.75390625
0,33,2.9234264970905017,167.5,0.1,0.13725490196078433,1,1.75390625,5.75390625
0,34,3.0106929596902186,172.5,0.6769230769230768,0.6235294117647059,3,1.75390625,5.75390625
0,35,3.097959422289935,177.5,,,0,1.75390625,5.75390625
0,36,3.1852258848896513,182.5,,,0,1.75390625,5.75390625
0,37,3.2724923474893677,187.5,0.7589743589743589,0.7647058823529411,3,1.75390625,5.75390625
0,38,3.359758810089084,192.49999999999997,0.2153846153846154,0.14901960784313725,1,1.75390625,5.75390625
0,39,3.447025272688801,197.5,0.8807692307692307,0.9235294117647059,2,1.75390625,5.75390625
0,40,3.5342917352885173,202.5,0.7076923076923077,0.6274509803921569,1,1.75390625,5.75390625
0,41,3.6215581978882336,207.5,0.9153846153846154,0.8941176470588236,1,1.75390625,5.75390625
0,42,3.70882466048795,212.5,0.5230769230769231,0.24313725490196078,1,1.75390625,5.75390625
0,43,3.796091123087667,217.5,0.676923076923077,0.7294117647058823,2,1.75390625,5.75390625
0,44,3.883357585687383,222.5,,,0,1.75390625,5.75390625
0,45,3.9706240482870996,227.5,0.4615384615384615,0.4326797385620915,3,1.75390625,5.75390625
0,46,4.057890510886816,232.5,0.5076923076923077,0.5588235294117647,2,1.75390625,5.75390625
0,47,4.145156973486532,237.49999999999997,0.3923076923076923,0.2196078431372549,1,1.75390625,5.75390625
0,48,4.232423436086249,242.49999999999997,0.38461538461538464,0.5764705882352941,1,1.75390625,5.75390625
0,49,4.319689898685965,247.49999999999997,0.7538461538461538,0.43137254901960786,1,1.75390625,5.75390625
0,50,4.4069563612856815,252.49999999999997,0.2692307692307692,0.3823529411764706,2,1.75390625,5.75390625
0,51,4.494222823885399,257.5,0.16923076923076924,0.11372549019607843,1,1.75390625,5.75390625
0,52,4.581489286485115,262.5,0.41794871794871796,0.342483660130719,3,1.75390625,5.75390625
0,53,4.6687557490848315,267.5,,,0,1.75390625,5.75390625
0,54,4.756022211684548,272.5,,,0,1.75390625,5.75390625
0,55,4.843288674284264,277.5,0.31794871794871793,0.27843137254901956,3,1.75390625,5.75390625
0,56,4.930555136883981,282.5,0.14615384615384616,0.10196078431372549,1,1.75390625,5.75390625
0,57,5.017821599483697,287.5,0.20769230769230768,0.14313725490196078,2,1.75390625,5.75390625
0,58,5.105088062083413,292.5,0.45384615384615384,0.4196078431372549,1,1.75390625,5.75390625
0,59,5.192354524683131,297.5,0.2,0.11764705882352941,1,1.75390625,5.75390625
0,60,5.279620987282847,302.5,0.2076923076923077,0.1843137254901961,1,1.75390625,5.75390625
0,61,5.366887449882563,307.5,0.25384615384615383,0.22941176470588237,2,1.75390625,5.75390625
0,62,5.45415391248228,312.5,,,0,1.75390625,5.75390625
0,63,5.541420375081996,317.5,0.1794871794871795,0.20653594771241832,3,1.75390625,5.75390625
0,64,5.6286868376817125,322.5,0.21153846153846154,0.27058823529411763,2,1.75390625,5.75390625
0,65,5.715953300281429,327.5,0.07692307692307693,0.09019607843137255,1,1.75390625,5.75390625
0,66,5.803219762881145,332.5,0.17692307692307693,0.22745098039215686,1,1.75390625,5.75390625
0,67,5.890486225480862,337.5,0.25384615384615383,0.23921568627450981,1,1.75390625,5.75390625
0,68,5.977752688080578,342.49999999999994,0.13846153846153847,0.16666666666666669,2,1.75390625,5.75390625
0,69,6.065019150680295,347.5,0.0,0.03529411764705882,1,1.75390625,5.75390625
0,70,6.152285613280012,352.5,0.14102564102564105,0.11111111111111112,3,1.75390625,5.75390625
0,71,6.239552075879728,357.5,,,0,1.75390625,5.75390625
1,0,0.04363323129985824,2.5,0.041666666666666664,0.047058823529411764,1,3.20703125,7.20703125
1,1,0.1308996938995747,7.499999999999999,0.1011904761904762,0.10326797385620916,3,3.20703125,7.20703125
1,2,0.21816615649929116,12.499999999999998,0.047619047619047616,0.050980392156862744,1,3.20703125,7.20703125
1,3,0.30543261909900765,17.5,0.07738095238095238,0.09411764705882353,2,3.20703125,7.20703125
1,4,0.39269908169872414,22.5,0.06746031746031746,0.07450980392156863,3,3.20703125,7.20703125
1,5,0.4799655442984406,27.5,0.06547619047619048,0.09803921568627451,1,3.20703125,7.20703125
1,6,0.5672320068981571,32.5,0.047619047619047616,0.08235294117647059,1,3.20703125,7.20703125
1,7,0.6544984694978735,37.49999999999999,0.06547619047619048,0.08235294117647059,3,3.20703125,7.20703125
1,8,0.7417649320975901,42.5,,,0,3.20703125,7.20703125
1,9,0.8290313946973065,47.5,0.05952380952380953,0.0784313725490196,3,3.20703125,7.20703125
1,10,0.9162978572970231,52.50000000000001,0.06547619047619048,0.0758169934640523,3,3.20703125,7.20703125
1,11,1.0035643198967394,57.5,0.05952380952380952,0.047058823529411764,1,3.20703125,7.20703125
1,12,1.090830782496456,62.50000000000001,0.08333333333333333,0.10588235294117647,1,3.20703125,7.20703125
1,13,1.1780972450961724,67.5,0.07142857142857142,0.04967320261437908,3,3.20703125,7.20703125
1,14,1.2653637076958888,72.5,0.09523809523809523,0.1,2,3.20703125,7.20703125
1,15,1.3526301702956054,77.5,0.07142857142857142,0.043137254901960784,1,3.20703125,7.20703125
1,16,1.4398966328953218,82.5,0.0992063492063492,0.10457516339869281,3,3.20703125,7.20703125
1,17,1.5271630954950384,87.5,0.07142857142857142,0.06666666666666667,1,3.20703125,7.20703125
1,18,1.6144295580947547,92.5,0.06547619047619048,0.09803921568627451,1,3.20703125,7.20703125
1,19,1.7016960206944711,97.49999999999999,0.10714285714285714,0.13071895424836602,3,3.20703125,7.20703125
1,20,1.7889624832941877,102.5,0.07142857142857142,0.11372549019607843,1,3.20703125,7.20703125
1,21,1.8762289458939043,107.5,0.13095238095238096,0.20392156862745098,2,3.20703125,7.20703125
1,22,1.9634954084936207,112.5,0.11309523809523808,0.12418300653594772,3,3.20703125,7.20703125
1,23,2.050761871093337,117.5,0.19047619047619047,0.23137254901960785,1,3.20703125,7.20703125
1,24,2.1380283336930535,122.49999999999999,0.13095238095238096,0.14901960784313725,1,3.20703125,7.20703125
1,25,2.2252947962927703,127.50000000000001,0.16071428571428573,0.1712418300653595,3,3.20703125,7.20703125
1,26,2.3125612588924866,132.5,,,0,3.20703125,7.20703125
1,27,2.399827721492203,137.5,0.18452380952380953,0.18823529411764706,3,3.20703125,7.20703125
1,28,2.4870941840919194,142.5,0.2420634920634921,0.24836601307189543,3,3.20703125,7.20703125
1,29,2.574360646691636,147.49999999999997,0.19642857142857142,0.3411764705882353,1,3.20703125,7.20703125
1,30,2.6616271092913526,152.5,0.47023809523809523,0.42745098039215684,1,3.20703125,7.20703125
1,31,2.748893571891069,157.5,0.3115079365079365,0.3908496732026144,3,3.20703125,7.20703125
1,32,2.8361600344907854,162.5,0.5,0.5980392156862745,2,3.20703125,7.20703125
1,33,2.9234264970905017,167.5,0.4166666666666667,0.592156862745098,1,3.20703125,7.20703125
1,34,3.0106929596902186,172.5,0.5238095238095238,0.5594771241830064,3,3.20703125,7.20703125
1,35,3.097959422289935,177.5,0.5833333333333334,0.6862745098039216,1,3.20703125,7.20703125
1,36,3.1852258848896513,182.5,0.8154761904761905,0.6980392156862745,1,3.20703125,7.20703125
1,37,3.2724923474893677,187.5,0.5813492063492064,0.7346405228758169,3,3.20703125,7.20703125
1,38,3.359758810089084,192.49999999999997,0.8630952380952381,0.6235294117647059,1,3.20703125,7.20703125
1,39,3.447025272688801,197.5,0.7351190476190477,0.9352941176470588,2,3.20703125,7.20703125
1,40,3.5342917352885173,202.5,0.7301587301587302,0.6026143790849673,3,3.20703125,7.20703125
1,41,3.6215581978882336,207.5,0.8154761904761905,0.9333333333333333,1,3.20703125,7.20703125
1,42,3.70882466048795,212.5,0.5119047619047619,0.4392156862745098,1,3.20703125,7.20703125
1,43,3.796091123087667,217.5,0.4861111111111111,0.5856209150326798,3,3.20703125,7.20703125
1,44,3.883357585687383,222.5,,,0,3.20703125,7.20703125
1,45,3.9706240482870996,227.5,0.5297619047619048,0.5803921568627451,3,3.20703125,7.20703125
1,46,4.057890510886816,232.5,0.3829365079365079,0.4470588235294118,3,3.20703125,7.20703125
1,47,4.145156973486532,237.49999999999997,0.16071428571428573,0.13333333333333333,1,3.20703125,7.20703125
1,48,4.232423436086249,242.49999999999997,0.6011904761904762,0.6274509803921569,1,3.20703125,7.20703125
1,49,4.319689898685965,247.49999999999997,0.2400793650793651,0.25882352941176473,3,3.20703125,7.20703125
1,50,4.4069563612856815,252.49999999999997,0.34523809523809523,0.42745098039215684,2,3.20703125,7.20703125
1,51,4.494222823885399,257.5,0.07738095238095238,0.058823529411764705,1,3.20703125,7.20703125
1,52,4.581489286485115,262.5,0.3273809523809524,0.3712418300653595,3,3.20703125,7.20703125
1,53,4.6687557490848315,267.5,0.06547619047619048,0.058823529411764705,1,3.20703125,7.20703125
1,54,4.756022211684548,272.5,0.047619047619047616,0.043137254901960784,1,3.20703125,7.20703125
1,55,4.843288674284264,277.5,0.2638888888888889,0.2862745098039216,3,3.20703125,7.20703125
1,56,4.930555136883981,282.5,0.041666666666666664,0.01568627450980392,1,3.20703125,7.20703125
1,57,5.017821599483697,287.5,0.15178571428571427,0.13333333333333333,2,3.20703125,7.20703125
1,58,5.105088062083413,292.5,0.15873015873015872,0.1477124183006536,3,3.20703125,7.20703125
1,59,5.192354524683131,297.5,0.16071428571428573,0.10196078431372549,1,3.20703125,7.20703125
1,60,5.279620987282847,302.5,0.047619047619047616,0.011764705882352941,1,3.20703125,7.20703125
1,61,5.366887449882563,307.5,0.15079365079365079,0.14901960784313725,3,3.20703125,7.20703125
1,62,5.45415391248228,312.5,,,0,3.20703125,7.20703125
1,63,5.541420375081996,317.5,0.17658730158730154,0.20653594771241832,3,3.20703125,7.20703125
1,64,5.6286868376817125,322.5,0.1488095238095238,0.1895424836601307,3,3.20703125,7.20703125
1,65,5.715953300281429,327.5,0.08333333333333333,0.07058823529411765,1,3.20703125,7.20703125
1,66,5.803219762881145,332.5,0.15476190476190477,0.24313725490196078,1,3.20703125,7.20703125
1,67,5.890486225480862,337.5,0.15873015873015872,0.134640522875817,3,3.20703125,7.20703125
1,68,5.977752688080578,342.49999999999994,0.1636904761904762,0.18235294117647058,2,3.20703125,7.20703125
1,69,6.065019150680295,347.5,0.041666666666666664,0.047058823529411764,1,3.20703125,7.20703125
1,70,6.152285613280012,352.5,0.16468253968253968,0.13594771241830067,3,3.20703125,7.20703125
1,71,6.239552075879728,357.5,0.041666666666666664,0.047058823529411764,1,3.20703125,7.20703125
2,0,0.04363323129985824,2.5,0.043478260869565216,0.10588235294117647,1,2.96484375,6.96484375
2,1,0.1308996938995747,7.499999999999999,0.18115942028985507,0.14248366013071898,3,2.96484375,6.96484375
2,2,0.21816615649929116,12.499999999999998,0.02717391304347826,0.07450980392156863,1,2.96484375,6.96484375
2,3,0.30543261909900765,17.5,0.14402173913043478,0.12549019607843137,2,2.96484375,6.96484375
2,4,0.39269908169872414,22.5,0.07427536231884058,0.07450980392156863,3,2.96484375,6.96484375
2,5,0.4799655442984406,27.5,0.08695652173913043,0.10588235294117647,1,2.96484375,6.96484375
2,6,0.5672320068981571,32.5,0.03260869565217391,0.054901960784313725,1,2.96484375,6.96484375
2,7,0.6544984694978735,37.49999999999999,0.08423913043478261,0.09019607843137255,2,2.96484375,6.96484375
2,8,0.7417649320975901,42.5,,,0,2.96484375,6.96484375
2,9,0.8290313946973065,47.5,0.05978260869565218,0.07581699346405228,3,2.96484375,6.96484375
2,10,0.9162978572970231,52.50000000000001,0.0625,0.09215686274509804,2,2.96484375,6.96484375
2,11,1.0035643198967394,57.5,0.04891304347826087,0.043137254901960784,1,2.96484375,6.96484375
2,12,1.090830782496456,62.50000000000001,0.059782608695652176,0.10980392156862745,1,2.96484375,6.96484375
2,13,1.1780972450961724,67.5,0.07246376811594203,0.06274509803921569,3,2.96484375,6.96484375
2,14,1.2653637076958888,72.5,0.07065217391304349,0.1215686274509804,2,2.96484375,6.96484375
2,15,1.3526301702956054,77.5,0.08695652173913043,0.054901960784313725,1,2.96484375,6.96484375
2,16,1.4398966328953218,82.5,0.08514492753623189,0.13856209150326795,3,2.96484375,6.96484375
2,17,1.5271630954950384,87.5,0.08695652173913043,0.0784313725490196,1,2.96484375,6.96484375
2,18,1.6144295580947547,92.5,0.08695652173913043,0.10196078431372549,1,2.96484375,6.96484375
2,19,1.7016960206944711,97.49999999999999,0.10326086956521739,0.16601307189542483,3,2.96484375,6.96484375
2,20,1.7889624832941877,102.5,0.08695652173913043,0.10196078431372549,1,2.96484375,6.96484375
2,21,1.8762289458939043,107.5,0.12228260869565216,0.2274509803921569,2,2.96484375,6.96484375
2,22,1.9634954084936207,112.5,0.1105072463768116,0.1215686274509804,3,2.96484375,6.96484375
2,23,2.050761871093337,117.5,0.16847826086956522,0.23529411764705882,1,2.96484375,6.96484375
2,24,2.1380283336930535,122.49999999999999,0.08695652173913043,0.12941176470588237,1,2.96484375,6.96484375
2,25,2.2252947962927703,127.50000000000001,0.16847826086956522,0.1764705882352941,2,2.96484375,6.96484375
2,26,2.3125612588924866,132.5,,,0,2.96484375,6.96484375
2,27,2.399827721492203,137.5,0.17753623188405798,0.1411764705882353,3,2.96484375,6.96484375
2,28,2.4870941840919194,142.5,0.21467391304347827,0.2,2,2.96484375,6.96484375
2,29,2.574360646691636,147.49999999999997,0.1358695652173913,0.2235294117647059,1,2.96484375,6.96484375
2,30,2.6616271092913526,152.5,0.2391304347826087,0.2784313725490196,1,2.96484375,6.96484375
2,31,2.748893571891069,157.5,0.22282608695652173,0.23660130718954245,3,2.96484375,6.96484375
2,32,2.8361600344907854,162.5,0.2608695652173913,0.38235294117647056,2,2.96484375,6.96484375
2,33,2.9234264970905017,167.5,0.2717391304347826,0.3686274509803922,1,2.96484375,6.96484375
2,34,3.0106929596902186,172.5,0.30434782608695654,0.3568627450980392,3,2.96484375,6.96484375
2,35,3.097959422289935,177.5,0.358695652173913,0.4392156862745098,1,2.96484375,6.96484375
2,36,3.1852258848896513,182.5,0.5652173913043478,0.49411764705882355,1,2.96484375,6.96484375
2,37,3.2724923474893677,187.5,0.3423913043478261,0.5529411764705883,3,2.96484375,6.96484375
2,38,3.359758810089084,192.49999999999997,0.7717391304347826,0.5019607843137255,1,2.96484375,6.96484375
2,39,3.447025272688801,197.5,0.46195652173913043,0.8235294117647058,2,2.96484375,6.96484375
2,40,3.5342917352885173,202.5,0.6431159420289855,0.5869281045751634,3,2.96484375,6.96484375
2,41,3.6215581978882336,207.5,0.7228260869565217,0.9647058823529412,1,2.96484375,6.96484375
2,42,3.70882466048795,212.5,0.6358695652173914,0.5764705882352941,1,2.96484375,6.96484375
2,43,3.796091123087667,217.5,0.7934782608695652,0.8862745098039215,2,2.96484375,6.96484375
2,44,3.883357585687383,222.5,,,0,2.96484375,6.96484375
2,45,3.9706240482870996,227.5,0.7047101449275361,0.7241830065359477,3,2.96484375,6.96484375
2,46,4.057890510886816,232.5,0.8315217391304348,0.8137254901960784,2,2.96484375,6.96484375
2,47,4.145156973486532,237.49999999999997,0.19021739130434784,0.25098039215686274,1,2.96484375,6.96484375
2,48,4.232423436086249,242.49999999999997,0.8695652173913043,0.8,1,2.96484375,6.96484375
2,49,4.319689898685965,247.49999999999997,0.3641304347826087,0.3686274509803922,3,2.96484375,6.96484375
2,50,4.4069563612856815,252.49999999999997,0.5353260869565217,0.6019607843137255,2,2.96484375,6.96484375
2,51,4.494222823885399,257.5,0.07608695652173914,0.058823529411764705,1,2.96484375,6.96484375
2,52,4.581489286485115,262.5,0.4528985507246377,0.5241830065359477,3,2.96484375,6.96484375
2,53,4.6687557490848315,267.5,0.07065217391304347,0.07450980392156863,1,2.96484375,6.96484375
2,54,4.756022211684548,272.5,0.059782608695652176,0.0784313725490196,1,2.96484375,6.96484375
2,55,4.843288674284264,277.5,0.3260869565217391,0.4143790849673203,3,2.96484375,6.96484375
2,56,4.930555136883981,282.5,0.04891304347826087,0.054901960784313725,1,2.96484375,6.96484375
2,57,5.017821599483697,287.5,0.20923913043478262,0.2450980392156863,2,2.96484375,6.96484375
2,58,5.105088062083413,292.5,0.1431159420289855,0.18169934640522875,3,2.96484375,6.96484375
2,59,5.192354524683131,297.5,0.1793478260869565,0.1607843137254902,1,2.96484375,6.96484375
2,60,5.279620987282847,302.5,0.05434782608695652,0.0196078431372549,1,2.96484375,6.96484375
2,61,5.366887449882563,307.5,0.20380434782608697,0.22156862745098038,2,2.96484375,6.96484375
2,62,5.45415391248228,312.5,,,0,2.96484375,6.96484375
2,63,5.541420375081996,317.5,0.16304347826086957,0.1777777777777778,3,2.96484375,6.96484375
2,64,5.6286868376817125,322.5,0.21195652173913043,0.2196078431372549,2,2.96484375,6.96484375
2,65,5.715953300281429,327.5,0.06521739130434782,0.050980392156862744,1,2.96484375,6.96484375
2,66,5.803219762881145,332.5,0.19021739130434784,0.2196078431372549,1,2.96484375,6.96484375
2,67,5.890486225480862,337.5,0.11594202898550725,0.12287581699346406,3,2.96484375,6.96484375
2,68,5.977752688080578,342.49999999999994,0.1766304347826087,0.20588235294117646,2,2.96484375,6.96484375
2,69,6.065019150680295,347.5,0.06521739130434782,0.08235294117647059,1,2.96484375,6.96484375
2,70,6.152285613280012,352.5,0.1684782608695652,0.16470588235294117,3,2.96484375,6.96484375
2,71,6.239552075879728,357.5,0.059782608695652176,0.10196078431372549,1,2.96484375,6.96484375
3,0,0.04363323129985824,2.5,,,0,2.48046875,6.48046875
3,1,0.1308996938995747,7.499999999999999,0.12734082397003746,0.14640522875816994,3,2.48046875,6.48046875
3,2,0.21816615649929116,12.499999999999998,0.0,0.023529411764705882,1,2.48046875,6.48046875
3,3,0.30543261909900765,17.5,0.20224719101123595,0.15294117647058825,2,2.48046875,6.48046875
3,4,0.39269908169872414,22.5,0.10112359550561797,0.10392156862745097,2,2.48046875,6.48046875
3,5,0.4799655442984406,27.5,0.24157303370786518,0.15294117647058825,1,2.48046875,6.48046875
3,6,0.5672320068981571,32.5,0.0056179775280898875,0.0392156862745098,1,2.48046875,6.48046875
3,7,0.6544984694978735,37.49999999999999,0.14325842696629215,0.13529411764705884,2,2.48046875,6.48046875
3,8,0.7417649320975901,42.5,,,0,2.48046875,6.48046875
3,9,0.8290313946973065,47.5,0.10112359550561799,0.11633986928104574,3,2.48046875,6.48046875
3,10,0.9162978572970231,52.50000000000001,0.11797752808988765,0.14901960784313725,2,2.48046875,6.48046875
3,11,1.0035643198967394,57.5,0.011235955056179775,0.054901960784313725,1,2.48046875,6.48046875
3,12,1.090830782496456,62.50000000000001,0.12921348314606743,0.16862745098039217,1,2.48046875,6.48046875
3,13,1.1780972450961724,67.5,0.0702247191011236,0.11372549019607844,2,2.48046875,6.48046875
3,14,1.2653637076958888,72.5,0.10393258426966293,0.1627450980392157,2,2.48046875,6.48046875
3,15,1.3526301702956054,77.5,0.0,0.043137254901960784,1,2.48046875,6.48046875
3,16,1.4398966328953218,82.5,0.10112359550561796,0.18169934640522878,3,2.48046875,6.48046875
3,17,1.5271630954950384,87.5,,,0,2.48046875,6.48046875
3,18,1.6144295580947547,92.5,,,0,2.48046875,6.48046875
3,19,1.7016960206944711,97.49999999999999,0.11423220973782772,0.21176470588235294,3,2.48046875,6.48046875
3,20,1.7889624832941877,102.5,0.011235955056179775,0.0392156862745098,1,2.48046875,6.48046875
3,21,1.8762289458939043,107.5,0.12640449438202248,0.2647058823529412,2,2.48046875,6.48046875
3,22,1.9634954084936207,112.5,0.1601123595505618,0.16666666666666669,2,2.48046875,6.48046875
3,23,2.050761871093337,117.5,0.16292134831460675,0.27450980392156865,1,2.48046875,6.48046875
3,24,2.1380283336930535,122.49999999999999,0.07303370786516854,0.054901960784313725,1,2.48046875,6.48046875
3,25,2.2252947962927703,127.50000000000001,0.1853932584269663,0.21764705882352942,2,2.48046875,6.48046875
3,26,2.3125612588924866,132.5,,,0,2.48046875,6.48046875
3,27,2.399827721492203,137.5,0.1910112359550562,0.1803921568627451,3,2.48046875,6.48046875
3,28,2.4870941840919194,142.5,0.2191011235955056,0.24901960784313726,2,2.48046875,6.48046875
3,29,2.574360646691636,147.49999999999997,0.15730337078651685,0.027450980392156862,1,2.48046875,6.48046875
3,30,2.6616271092913526,152.5,0.2303370786516854,0.35294117647058826,1,2.48046875,6.48046875
3,31,2.748893571891069,157.5,0.2443820224719101,0.23333333333333334,2,2.48046875,6.48046875
3,32,2.8361600344907854,162.5,0.23314606741573035,0.39019607843137255,2,2.48046875,6.48046875
3,33,2.9234264970905017,167.5,0.11235955056179775,0.00392156862745098,1,2.48046875,6.48046875
3,34,3.0106929596902186,172.5,0.30337078651685395,0.3137254901960784,3,2.48046875,6.48046875
3,35,3.097959422289935,177.5,,,0,2.48046875,6.48046875
3,36,3.1852258848896513,182.5,,,0,2.48046875,6.48046875
3,37,3.2724923474893677,187.5,0.2958801498127341,0.4444444444444444,3,2.48046875,6.48046875
3,38,3.359758810089084,192.49999999999997,0.12921348314606743,0.0392156862745098,1,2.48046875,6.48046875
3,39,3.447025272688801,197.5,0.351123595505618,0.6882352941176471,2,2.48046875,6.48046875
3,40,3.5342917352885173,202.5,0.5196629213483146,0.5313725490196078,2,2.48046875,6.48046875
3,41,3.6215581978882336,207.5,0.550561797752809,0.8666666666666667,1,2.48046875,6.48046875
3,42,3.70882466048795,212.5,0.24157303370786518,0.17647058823529413,1,2.48046875,6.48046875
3,43,3.796091123087667,217.5,0.6123595505617977,0.8431372549019608,2,2.48046875,6.48046875
3,44,3.883357585687383,222.5,,,0,2.48046875,6.48046875
3,45,3.9706240482870996,227.5,0.5617977528089888,0.7398692810457517,3,2.48046875,6.48046875
3,46,4.057890510886816,232.5,0.7556179775280898,0.8941176470588236,2,2.48046875,6.48046875
3,47,4.145156973486532,237.49999999999997,0.3146067415730337,0.3607843137254902,1,2.48046875,6.48046875
3,48,4.232423436086249,242.49999999999997,0.9382022471910112,0.9176470588235294,1,2.48046875,6.48046875
3,49,4.319689898685965,247.49999999999997,0.6320224719101124,0.6803921568627451,2,2.48046875,6.48046875
3,50,4.4069563612856815,252.49999999999997,0.747191011235955,0.8019607843137255,2,2.48046875,6.48046875
3,51,4.494222823885399,257.5,0.2247191011235955,0.2549019607843137,1,2.48046875,6.48046875
3,52,4.581489286485115,262.5,0.7677902621722846,0.7620915032679738,3,2.48046875,6.48046875
3,53,4.6687557490848315,267.5,,,0,2.48046875,6.48046875
3,54,4.756022211684548,272.5,,,0,2.48046875,6.48046875
3,55,4.843288674284264,277.5,0.6741573033707865,0.6993464052287582,3,2.48046875,6.48046875
3,56,4.930555136883981,282.5,0.21910112359550563,0.24705882352941178,1,2.48046875,6.48046875
3,57,5.017821599483697,287.5,0.35955056179775285,0.5333333333333333,2,2.48046875,6.48046875
3,58,5.105088062083413,292.5,0.40730337078651685,0.45098039215686275,2,2.48046875,6.48046875
3,59,5.192354524683131,297.5,0.25280898876404495,0.43137254901960786,1,2.48046875,6.48046875
3,60,5.279620987282847,302.5,0.29775280898876405,0.3411764705882353,1,2.48046875,6.48046875
3,61,5.366887449882563,307.5,0.3146067415730337,0.3941176470588235,2,2.48046875,6.48046875
3,62,5.45415391248228,312.5,,,0,2.48046875,6.48046875
3,63,5.541420375081996,317.5,0.23595505617977527,0.2888888888888889,3,2.48046875,6.48046875
3,64,5.6286868376817125,322.5,0.21348314606741575,0.303921568627451,2,2.48046875,6.48046875
3,65,5.715953300281429,327.5,0.07865168539325842,0.10196078431372549,1,2.48046875,6.48046875
3,66,5.803219762881145,332.5,0.1797752808988764,0.2784313725490196,1,2.48046875,6.48046875
3,67,5.890486225480862,337.5,0.15730337078651685,0.1803921568627451,2,2.48046875,6.48046875
3,68,5.977752688080578,342.49999999999994,0.1544943820224719,0.23725490196078433,2,2.48046875,6.48046875
3,69,6.065019150680295,347.5,0.0,0.027450980392156862,1,2.48046875,6.48046875
3,70,6.152285613280012,352.5,0.1348314606741573,0.17516339869281047,3,2.48046875,6.48046875
3,71,6.239552075879728,357.5,,,0,2.48046875,6.48046875
4,0,0.04363323129985824,2.5,,,0,2.48046875,6.48046875
4,1,0.1308996938995747,7.499999999999999,0.16129032258064516,0.2130718954248366,3,2.48046875,6.48046875
4,2,0.21816615649929116,12.499999999999998,0.0,0.03137254901960784,1,2.48046875,6.48046875
4,3,0.30543261909900765,17.5,0.15483870967741936,0.2196078431372549,2,2.48046875,6.48046875
4,4,0.39269908169872414,22.5,0.13870967741935483,0.12745098039215685,2,2.48046875,6.48046875
4,5,0.4799655442984406,27.5,0.1870967741935484,0.2196078431372549,1,2.48046875,6.48046875
4,6,0.5672320068981571,32.5,0.0064516129032258064,0.023529411764705882,1,2.48046875,6.48046875
4,7,0.6544984694978735,37.49999999999999,0.17096774193548386,0.16862745098039217,2,2.48046875,6.48046875
4,8,0.7417649320975901,42.5,,,0,2.48046875,6.48046875
4,9,0.8290313946973065,47.5,0.1376344086021505,0.1372549019607843,3,2.48046875,6.48046875
4,10,0.9162978572970231,52.50000000000001,0.18709677419354837,0.1764705882352941,2,2.48046875,6.48046875
4,11,1.0035643198967394,57.5,0.012903225806451613,0.03529411764705882,1,2.48046875,6.48046875
4,12,1.090830782496456,62.50000000000001,0.2129032258064516,0.2,1,2.48046875,6.48046875
4,13,1.1780972450961724,67.5,0.1,0.13529411764705881,2,2.48046875,6.48046875
4,14,1.2653637076958888,72.5,0.15483870967741936,0.20392156862745098,2,2.48046875,6.48046875
4,15,1.3526301702956054,77.5,0.0,0.03529411764705882,1,2.48046875,6.48046875
4,16,1.4398966328953218,82.5,0.15698924731182795,0.23790849673202616,3,2.48046875,6.48046875
4,17,1.5271630954950384,87.5,,,0,2.48046875,6.48046875
4,18,1.6144295580947547,92.5,,,0,2.48046875,6.48046875
4,19,1.7016960206944711,97.49999999999999,0.17204301075268816,0.2928104575163399,3,2.48046875,6.48046875
4,20,1.7889624832941877,102.5,0.0,0.054901960784313725,1,2.48046875,6.48046875
4,21,1.8762289458939043,107.5,0.18709677419354837,0.34901960784313724,2,2.48046875,6.48046875
4,22,1.9634954084936207,112.5,0.2129032258064516,0.2274509803921569,2,2.48046875,6.48046875
4,23,2.050761871093337,117.5,0.1935483870967742,0.34901960784313724,1,2.48046875,6.48046875
4,24,2.1380283336930535,122.49999999999999,0.09032258064516129,0.10588235294117647,1,2.48046875,6.48046875
4,25,2.2252947962927703,127.50000000000001,0.22903225806451613,0.296078431372549,2,2.48046875,6.48046875
4,26,2.3125612588924866,132.5,,,0,2.48046875,6.48046875
4,27,2.399827721492203,137.5,0.23010752688172043,0.25228758169934645,3,2.48046875,6.48046875
4,28,2.4870941840919194,142.5,0.2709677419354839,0.3588235294117647,2,2.48046875,6.48046875
4,29,2.574360646691636,147.49999999999997,0.17419354838709677,0.12156862745098039,1,2.48046875,6.48046875
4,30,2.6616271092913526,152.5,0.2903225806451613,0.5019607843137255,1,2.48046875,6.48046875
4,31,2.748893571891069,157.5,0.3161290322580645,0.3313725490196079,2,2.48046875,6.48046875
4,32,2.8361600344907854,162.5,0.2870967741935484,0.503921568627451,2,2.48046875,6.48046875
4,33,2.9234264970905017,167.5,0.0967741935483871,0.058823529411764705,1,2.48046875,6.48046875
4,34,3.0106929596902186,172.5,0.3763440860215053,0.3986928104575163,3,2.48046875,6.48046875
4,35,3.097959422289935,177.5,,,0,2.48046875,6.48046875
4,36,3.1852258848896513,182.5,,,0,2.48046875,6.48046875
4,37,3.2724923474893677,187.5,0.3849462365591398,0.46143790849673194,3,2.48046875,6.48046875
4,38,3.359758810089084,192.49999999999997,0.15483870967741936,0.0392156862745098,1,2.48046875,6.48046875
4,39,3.447025272688801,197.5,0.25483870967741934,0.6098039215686274,2,2.48046875,6.48046875
4,40,3.5342917352885173,202.5,0.4,0.41764705882352937,2,2.48046875,6.48046875
4,41,3.6215581978882336,207.5,0.27741935483870966,0.7215686274509804,1,2.48046875,6.48046875
4,42,3.70882466048795,212.5,0.38064516129032255,0.12156862745098039,1,2.48046875,6.48046875
4,43,3.796091123087667,217.5,0.36451612903225805,0.6980392156862745,2,2.48046875,6.48046875
4,44,3.883357585687383,222.5,,,0,2.48046875,6.48046875
4,45,3.9706240482870996,227.5,0.4559139784946236,0.6130718954248365,3,2.48046875,6.48046875
4,46,4.057890510886816,232.5,0.5806451612903225,0.7666666666666666,2,2.48046875,6.48046875
4,47,4.145156973486532,237.49999999999997,0.23225806451612904,0.27450980392156865,1,2.48046875,6.48046875
4,48,4.232423436086249,242.49999999999997,0.7419354838709677,0.803921568627451,1,2.48046875,6.48046875
4,49,4.319689898685965,247.49999999999997,0.5225806451612903,0.6294117647058823,2,2.48046875,6.48046875
4,50,4.4069563612856815,252.49999999999997,0.7096774193548387,0.7607843137254902,2,2.48046875,6.48046875
4,51,4.494222823885399,257.5,0.10967741935483871,0.25098039215686274,1,2.48046875,6.48046875
4,52,4.581489286485115,262.5,0.6430107526881721,0.7830065359477124,3,2.48046875,6.48046875
4,53,4.6687557490848315,267.5,,,0,2.48046875,6.48046875
4,54,4.756022211684548,272.5,,,0,2.48046875,6.48046875
4,55,4.843288674284264,277.5,0.7096774193548386,0.8379084967320262,3,2.48046875,6.48046875
4,56,4.930555136883981,282.5,0.15483870967741936,0.3215686274509804,1,2.48046875,6.48046875
4,57,5.017821599483697,287.5,0.6967741935483871,0.7803921568627451,2,2.48046875,6.48046875
4,58,5.105088062083413,292.5,0.5161290322580645,0.6666666666666666,2,2.48046875,6.48046875
4,59,5.192354524683131,297.5,0.7096774193548387,0.7764705882352941,1,2.48046875,6.48046875
4,60,5.279620987282847,302.5,0.34838709677419355,0.5372549019607843,1,2.48046875,6.48046875
4,61,5.366887449882563,307.5,0.667741935483871,0.6882352941176471,2,2.48046875,6.48046875
4,62,5.45415391248228,312.5,,,0,2.48046875,6.48046875
4,63,5.541420375081996,317.5,0.4967741935483871,0.5647058823529412,3,2.48046875,6.48046875
4,64,5.6286868376817125,322.5,0.4806451612903226,0.596078431372549,2,2.48046875,6.48046875
4,65,5.715953300281429,327.5,0.2,0.25882352941176473,1,2.48046875,6.48046875
4,66,5.803219762881145,332.5,0.38064516129032255,0.5882352941176471,1,2.48046875,6.48046875
4,67,5.890486225480862,337.5,0.35161290322580646,0.3764705882352941,2,2.48046875,6.48046875
4,68,5.977752688080578,342.49999999999994,0.3129032258064516,0.43529411764705883,2,2.48046875,6.48046875
4,69,6.065019150680295,347.5,0.0,0.08235294117647059,1,2.48046875,6.48046875
4,70,6.152285613280012,352.5,0.2451612903225806,0.29411764705882354,3,2.48046875,6.48046875
4,71,6.239552075879728,357.5,,,0,2.48046875,6.48046875
5,0,0.04363323129985824,2.5,,,0,2.48046875,6.48046875
5,1,0.1308996938995747,7.499999999999999,0.5266666666666666,0.42745098039215684,3,2.48046875,6.48046875
5,2,0.21816615649929116,12.499999999999998,0.0,0.16470588235294117,1,2.48046875,6.48046875
5,3,0.30543261909900765,17.5,0.43000000000000005,0.43529411764705883,2,2.48046875,6.48046875
5,4,0.39269908169872414,22.5,0.315,0.3058823529411765,2,2.48046875,6.48046875
5,5,0.4799655442984406,27.5,0.38,0.403921568627451,1,2.48046875,6.48046875
5,6,0.5672320068981571,32.5,0.01,0.1803921568627451,1,2.48046875,6.48046875
5,7,0.6544984694978735,37.49999999999999,0.32,0.29411764705882354,2,2.48046875,6.48046875
5,8,0.7417649320975901,42.5,,,0,2.48046875,6.48046875
5,9,0.8290313946973065,47.5,0.24666666666666667,0.2222222222222222,3,2.48046875,6.48046875
5,10,0.9162978572970231,52.50000000000001,0.325,0.2274509803921569,2,2.48046875,6.48046875
5,11,1.0035643198967394,57.5,0.02,0.18823529411764706,1,2.48046875,6.48046875
5,12,1.090830782496456,62.50000000000001,0.3,0.21568627450980393,1,2.48046875,6.48046875
5,13,1.1780972450961724,67.5,0.255,0.20980392156862743,2,2.48046875,6.48046875
5,14,1.2653637076958888,72.5,0.275,0.24901960784313726,2,2.48046875,6.48046875
5,15,1.3526301702956054,77.5,0.0,0.16862745098039217,1,2.48046875,6.48046875
5,16,1.4398966328953218,82.5,0.3433333333333333,0.3594771241830066,3,2.48046875,6.48046875
5,17,1.5271630954950384,87.5,,,0,2.48046875,6.48046875
5,18,1.6144295580947547,92.5,,,0,2.48046875,6.48046875
5,19,1.7016960206944711,97.49999999999999,0.40666666666666673,0.4562091503267974,3,2.48046875,6.48046875
5,20,1.7889624832941877,102.5,0.01,0.19607843137254902,1,2.48046875,6.48046875
5,21,1.8762289458939043,107.5,0.42000000000000004,0.5117647058823529,2,2.48046875,6.48046875
5,22,1.9634954084936207,112.5,0.49,0.4274509803921569,2,2.48046875,6.48046875
5,23,2.050761871093337,117.5,0.42,0.5529411764705883,1,2.48046875,6.48046875
5,24,2.1380283336930535,122.49999999999999,0.2,0.29411764705882354,1,2.48046875,6.48046875
5,25,2.2252947962927703,127.50000000000001,0.53,0.5235294117647059,2,2.48046875,6.48046875
5,26,2.3125612588924866,132.5,,,0,2.48046875,6.48046875
5,27,2.399827721492203,137.5,0.5533333333333333,0.47189542483660135,3,2.48046875,6.48046875
5,28,2.4870941840919194,142.5,0.5800000000000001,0.5764705882352941,2,2.48046875,6.48046875
5,29,2.574360646691636,147.49999999999997,0.45,0.26666666666666666,1,2.48046875,6.48046875
5,30,2.6616271092913526,152.5,0.58,0.6862745098039216,1,2.48046875,6.48046875
5,31,2.748893571891069,157.5,0.505,0.4666666666666667,2,2.48046875,6.48046875
5,32,2.8361600344907854,162.5,0.48,0.5901960784313726,2,2.48046875,6.48046875
5,33,2.9234264970905017,167.5,0.22,0.10980392156862745,1,2.48046875,6.48046875
5,34,3.0106929596902186,172.5,0.5266666666666667,0.4640522875816993,3,2.48046875,6.48046875
5,35,3.097959422289935,177.5,,,0,2.48046875,6.48046875
5,36,3.1852258848896513,182.5,,,0,2.48046875,6.48046875
5,37,3.2724923474893677,187.5,0.47333333333333333,0.4901960784313726,3,2.48046875,6.48046875
5,38,3.359758810089084,192.49999999999997,0.25,0.0196078431372549,1,2.48046875,6.48046875
5,39,3.447025272688801,197.5,0.23,0.5901960784313726,2,2.48046875,6.48046875
5,40,3.5342917352885173,202.5,0.405,0.37254901960784315,2,2.48046875,6.48046875
5,41,3.6215581978882336,207.5,0.21,0.611764705882353,1,2.48046875,6.48046875
5,42,3.70882466048795,212.5,0.49,0.03137254901960784,1,2.48046875,6.48046875
5,43,3.796091123087667,217.5,0.29,0.5333333333333333,2,2.48046875,6.48046875
5,44,3.883357585687383,222.5,,,0,2.48046875,6.48046875
5,45,3.9706240482870996,227.5,0.4266666666666667,0.43529411764705883,3,2.48046875,6.48046875
5,46,4.057890510886816,232.5,0.395,0.5254901960784314,2,2.48046875,6.48046875
5,47,4.145156973486532,237.49999999999997,0.47,0.08627450980392157,1,2.48046875,6.48046875
5,48,4.232423436086249,242.49999999999997,0.49,0.5686274509803921,1,2.48046875,6.48046875
5,49,4.319689898685965,247.49999999999997,0.53,0.4411764705882353,2,2.48046875,6.48046875
5,50,4.4069563612856815,252.49999999999997,0.6,0.5666666666666667,2,2.48046875,6.48046875
5,51,4.494222823885399,257.5,0.22,0.09411764705882353,1,2.48046875,6.48046875
5,52,4.581489286485115,262.5,0.6466666666666666,0.5816993464052288,3,2.48046875,6.48046875
5,53,4.6687557490848315,267.5,,,0,2.48046875,6.48046875
5,54,4.756022211684548,272.5,,,0,2.48046875,6.48046875
5,55,4.843288674284264,277.5,0.6766666666666667,0.6993464052287582,3,2.48046875,6.48046875
5,56,4.930555136883981,282.5,0.13,0.20392156862745098,1,2.48046875,6.48046875
5,57,5.017821599483697,287.5,0.78,0.7470588235294118,2,2.48046875,6.48046875
5,58,5.105088062083413,292.5,0.5599999999999999,0.6313725490196078,2,2.48046875,6.48046875
5,59,5.192354524683131,297.5,0.85,0.7803921568627451,1,2.48046875,6.48046875
5,60,5.279620987282847,302.5,0.21,0.4627450980392157,1,2.48046875,6.48046875
5,61,5.366887449882563,307.5,0.76,0.7156862745098039,2,2.48046875,6.48046875
5,62,5.45415391248228,312.5,,,0,2.48046875,6.48046875
5,63,5.541420375081996,317.5,0.57,0.6013071895424836,3,2.48046875,6.48046875
5,64,5.6286868376817125,322.5,0.7949999999999999,0.6745098039215687,2,2.48046875,6.48046875
5,65,5.715953300281429,327.5,0.15,0.35294117647058826,1,2.48046875,6.48046875
5,66,5.803219762881145,332.5,0.89,0.7333333333333333,1,2.48046875,6.48046875
5,67,5.890486225480862,337.5,0.54,0.5078431372549019,2,2.48046875,6.48046875
5,68,5.977752688080578,342.49999999999994,0.745,0.6215686274509804,2,2.48046875,6.48046875
5,69,6.065019150680295,347.5,0.0,0.19607843137254902,1,2.48046875,6.48046875
5,70,6.152285613280012,352.5,0.6666666666666666,0.4875816993464053,3,2.48046875,6.48046875
5,71,6.239552075879728,357.5,,,0,2.48046875,6.48046875
6,0,0.04363323129985824,2.5,,,0,2.48046875,6.48046875
6,1,0.1308996938995747,7.499999999999999,0.3772609819121447,0.3738562091503268,3,2.48046875,6.48046875
6,2,0.21816615649929116,12.499999999999998,0.0,0.12156862745098039,1,2.48046875,6.48046875
6,3,0.30543261909900765,17.5,0.5658914728682171,0.5,2,2.48046875,6.48046875
6,4,0.39269908169872414,22.5,0.2751937984496124,0.403921568627451,2,2.48046875,6.48046875
6,5,0.4799655442984406,27.5,0.6589147286821705,0.5529411764705883,1,2.48046875,6.48046875
6,6,0.5672320068981571,32.5,0.0,0.2,1,2.48046875,6.48046875
6,7,0.6544984694978735,37.49999999999999,0.44573643410852715,0.4372549019607843,2,2.48046875,6.48046875
6,8,0.7417649320975901,42.5,,,0,2.48046875,6.48046875
6,9,0.8290313946973065,47.5,0.2764857881136951,0.3241830065359477,3,2.48046875,6.48046875
6,10,0.9162978572970231,52.50000000000001,0.3992248062015504,0.3176470588235294,2,2.48046875,6.48046875
6,11,1.0035643198967394,57.5,0.023255813953488372,0.23137254901960785,1,2.48046875,6.48046875
6,12,1.090830782496456,62.50000000000001,0.3798449612403101,0.2784313725490196,1,2.48046875,6.48046875
6,13,1.1780972450961724,67.5,0.24031007751937986,0.2372549019607843,2,2.48046875,6.48046875
6,14,1.2653637076958888,72.5,0.2558139534883721,0.24901960784313726,2,2.48046875,6.48046875
6,15,1.3526301702956054,77.5,0.0,0.1843137254901961,1,2.48046875,6.48046875
6,16,1.4398966328953218,82.5,0.24031007751937986,0.33202614379084966,3,2.48046875,6.48046875
6,17,1.5271630954950384,87.5,,,0,2.48046875,6.48046875
6,18,1.6144295580947547,92.5,,,0,2.48046875,6.48046875
6,19,1.7016960206944711,97.49999999999999,0.2454780361757106,0.3856209150326797,3,2.48046875,6.48046875
6,20,1.7889624832941877,102.5,0.023255813953488372,0.20392156862745098,1,2.48046875,6.48046875
6,21,1.8762289458939043,107.5,0.20930232558139536,0.4019607843137255,2,2.48046875,6.48046875
6,22,1.9634954084936207,112.5,0.29457364341085274,0.34705882352941175,2,2.48046875,6.48046875
6,23,2.050761871093337,117.5,0.24031007751937986,0.4627450980392157,1,2.48046875,6.48046875
6,24,2.1380283336930535,122.49999999999999,0.20930232558139536,0.3333333333333333,1,2.48046875,6.48046875
6,25,2.2252947962927703,127.50000000000001,0.3914728682170543,0.4745098039215686,2,2.48046875,6.48046875
6,26,2.3125612588924866,132.5,,,0,2.48046875,6.48046875
6,27,2.399827721492203,137.5,0.46253229974160215,0.4941176470588235,3,2.48046875,6.48046875
6,28,2.4870941840919194,142.5,0.48062015503875966,0.6647058823529413,2,2.48046875,6.48046875
6,29,2.574360646691636,147.49999999999997,0.49612403100775193,0.4588235294117647,1,2.48046875,6.48046875
6,30,2.6616271092913526,152.5,0.5426356589147286,0.8235294117647058,1,2.48046875,6.48046875
6,31,2.748893571891069,157.5,0.6472868217054264,0.6568627450980392,2,2.48046875,6.48046875
6,32,2.8361600344907854,162.5,0.6744186046511629,0.7921568627450981,2,2.48046875,6.48046875
6,33,2.9234264970905017,167.5,0.3333333333333333,0.37254901960784315,1,2.48046875,6.48046875
6,34,3.0106929596902186,172.5,0.7648578811369507,0.7450980392156863,3,2.48046875,6.48046875
6,35,3.097959422289935,177.5,,,0,2.48046875,6.48046875
6,36,3.1852258848896513,182.5,,,0,2.48046875,6.48046875
6,37,3.2724923474893677,187.5,0.731266149870801,0.7999999999999999,3,2.48046875,6.48046875
6,38,3.359758810089084,192.49999999999997,0.4263565891472868,0.30196078431372547,1,2.48046875,6.48046875
6,39,3.447025272688801,197.5,0.2596899224806202,0.8019607843137255,2,2.48046875,6.48046875
6,40,3.5342917352885173,202.5,0.4651162790697675,0.5509803921568628,2,2.48046875,6.48046875
6,41,3.6215581978882336,207.5,0.14728682170542637,0.7019607843137254,1,2.48046875,6.48046875
6,42,3.70882466048795,212.5,0.7054263565891473,0.29411764705882354,1,2.48046875,6.48046875
6,43,3.796091123087667,217.5,0.20930232558139536,0.5588235294117647,2,2.48046875,6.48046875
6,44,3.883357585687383,222.5,,,0,2.48046875,6.48046875
6,45,3.9706240482870996,227.5,0.3255813953488372,0.40653594771241836,3,2.48046875,6.48046875
6,46,4.057890510886816,232.5,0.2558139534883721,0.39215686274509803,2,2.48046875,6.48046875
6,47,4.145156973486532,237.49999999999997,0.4108527131782946,0.1450980392156863,1,2.48046875,6.48046875
6,48,4.232423436086249,242.49999999999997,0.37209302325581395,0.3843137254901961,1,2.48046875,6.48046875
6,49,4.319689898685965,247.49999999999997,0.3565891472868217,0.3019607843137255,2,2.48046875,6.48046875
6,50,4.4069563612856815,252.49999999999997,0.37209302325581395,0.37058823529411766,2,2.48046875,6.48046875
6,51,4.494222823885399,257.5,0.17829457364341086,0.07058823529411765,1,2.48046875,6.48046875
6,52,4.581489286485115,262.5,0.32041343669250644,0.37254901960784315,3,2.48046875,6.48046875
6,53,4.6687557490848315,267.5,,,0,2.48046875,6.48046875
6,54,4.756022211684548,272.5,,,0,2.48046875,6.48046875
6,55,4.843288674284264,277.5,0.31266149870801035,0.47189542483660124,3,2.48046875,6.48046875
6,56,4.930555136883981,282.5,0.10852713178294573,0.10588235294117647,1,2.48046875,6.48046875
6,57,5.017821599483697,287.5,0.3178294573643411,0.5549019607843138,2,2.48046875,6.48046875
6,58,5.105088062083413,292.5,0.3023255813953488,0.43333333333333335,2,2.48046875,6.48046875
6,59,5.192354524683131,297.5,0.31007751937984496,0.5568627450980392,1,2.48046875,6.48046875
6,60,5.279620987282847,302.5,0.13178294573643412,0.24705882352941178,1,2.48046875,6.48046875
6,61,5.366887449882563,307.5,0.3449612403100775,0.5,2,2.48046875,6.48046875
6,62,5.45415391248228,312.5,,,0,2.48046875,6.48046875
6,63,5.541420375081996,317.5,0.3023255813953489,0.388235294117647,3,2.48046875,6.48046875
6,64,5.6286868376817125,322.5,0.39922480620155043,0.44901960784313727,2,2.48046875,6.48046875
6,65,5.715953300281429,327.5,0.07751937984496124,0.17647058823529413,1,2.48046875,6.48046875
6,66,5.803219762881145,332.5,0.49612403100775193,0.5137254901960784,1,2.48046875,6.48046875
6,67,5.890486225480862,337.5,0.3062015503875969,0.31176470588235294,2,2.48046875,6.48046875
6,68,5.977752688080578,342.49999999999994,0.3798449612403101,0.43529411764705883,2,2.48046875,6.48046875
6,69,6.065019150680295,347.5,0.007751937984496124,0.10588235294117647,1,2.48046875,6.48046875
6,70,6.152285613280012,352.5,0.34625322997416025,0.3424836601307189,3,2.48046875,6.48046875
6,71,6.239552075879728,357.5,,,0,2.48046875,6.48046875
7,0,0.04363323129985824,2.5,,,0,1.75390625,5.75390625
7,1,0.1308996938995747,7.499999999999999,0.22747747747747749,0.17777777777777778,3,1.75390625,5.75390625
7,2,0.21816615649929116,12.499999999999998,0.0,0.06666666666666667,1,1.75390625,5.75390625
7,3,0.30543261909900765,17.5,0.2668918918918919,0.27450980392156865,2,1.75390625,5.75390625
7,4,0.39269908169872414,22.5,0.19594594594594594,0.1450980392156863,1,1.75390625,5.75390625
7,5,0.4799655442984406,27.5,0.38513513513513514,0.3411764705882353,1,1.75390625,5.75390625
7,6,0.5672320068981571,32.5,0.013513513513513514,0.10588235294117647,1,1.75390625,5.75390625
7,7,0.6544984694978735,37.49999999999999,0.3108108108108108,0.3,2,1.75390625,5.75390625
7,8,0.7417649320975901,42.5,,,0,1.75390625,5.75390625
7,9,0.8290313946973065,47.5,0.21621621621621623,0.19869281045751633,3,1.75390625,5.75390625
7,10,0.9162978572970231,52.50000000000001,0.375,0.2901960784313725,2,1.75390625,5.75390625
7,11,1.0035643198967394,57.5,0.006756756756756757,0.17254901960784313,1,1.75390625,5.75390625
7,12,1.090830782496456,62.50000000000001,0.47297297297297297,0.30196078431372547,1,1.75390625,5.75390625
7,13,1.1780972450961724,67.5,0.2905405405405405,0.3176470588235294,1,1.75390625,5.75390625
7,14,1.2653637076958888,72.5,0.3310810810810811,0.296078431372549,2,1.75390625,5.75390625
7,15,1.3526301702956054,77.5,0.0,0.16862745098039217,1,1.75390625,5.75390625
7,16,1.4398966328953218,82.5,0.31981981981981983,0.35294117647058826,3,1.75390625,5.75390625
7,17,1.5271630954950384,87.5,,,0,1.75390625,5.75390625
7,18,1.6144295580947547,92.5,,,0,1.75390625,5.75390625
7,19,1.7016960206944711,97.49999999999999,0.3626126126126126,0.3895424836601307,3,1.75390625,5.75390625
7,20,1.7889624832941877,102.5,0.0,0.20784313725490197,1,1.75390625,5.75390625
7,21,1.8762289458939043,107.5,0.33783783783783783,0.38823529411764707,2,1.75390625,5.75390625
7,22,1.9634954084936207,112.5,0.6148648648648649,0.41568627450980394,1,1.75390625,5.75390625
7,23,2.050761871093337,117.5,0.35135135135135137,0.43529411764705883,1,1.75390625,5.75390625
7,24,2.1380283336930535,122.49999999999999,0.19594594594594594,0.3333333333333333,1,1.75390625,5.75390625
7,25,2.2252947962927703,127.50000000000001,0.4324324324324324,0.4254901960784314,2,1.75390625,5.75390625
7,26,2.3125612588924866,132.5,,,0,1.75390625,5.75390625
7,27,2.399827721492203,137.5,0.35585585585585583,0.38169934640522873,3,1.75390625,5.75390625
7,28,2.4870941840919194,142.5,0.4527027027027027,0.5843137254901961,2,1.75390625,5.75390625
7,29,2.574360646691636,147.49999999999997,0.4527027027027027,0.4588235294117647,1,1.75390625,5.75390625
7,30,2.6616271092913526,152.5,0.4797297297297297,0.7176470588235294,1,1.75390625,5.75390625
7,31,2.748893571891069,157.5,0.7162162162162162,0.592156862745098,1,1.75390625,5.75390625
7,32,2.8361600344907854,162.5,0.6216216216216216,0.6882352941176471,2,1.75390625,5.75390625
7,33,2.9234264970905017,167.5,0.27702702702702703,0.43529411764705883,1,1.75390625,5.75390625
7,34,3.0106929596902186,172.5,0.7432432432432433,0.7150326797385621,3,1.75390625,5.75390625
7,35,3.097959422289935,177.5,,,0,1.75390625,5.75390625
7,36,3.1852258848896513,182.5,,,0,1.75390625,5.75390625
7,37,3.2724923474893677,187.5,0.7635135135135135,0.8222222222222223,3,1.75390625,5.75390625
7,38,3.359758810089084,192.49999999999997,0.4527027027027027,0.44313725490196076,1,1.75390625,5.75390625
7,39,3.447025272688801,197.5,0.4831081081081081,0.8098039215686275,2,1.75390625,5.75390625
7,40,3.5342917352885173,202.5,0.9256756756756757,0.8117647058823529,1,1.75390625,5.75390625
7,41,3.6215581978882336,207.5,0.3108108108108108,0.6862745098039216,1,1.75390625,5.75390625
7,42,3.70882466048795,212.5,0.918918918918919,0.48627450980392156,1,1.75390625,5.75390625
7,43,3.796091123087667,217.5,0.29054054054054057,0.5470588235294118,2,1.75390625,5.75390625
7,44,3.883357585687383,222.5,,,0,1.75390625,5.75390625
7,45,3.9706240482870996,227.5,0.34459459459459457,0.3490196078431373,3,1.75390625,5.75390625
7,46,4.057890510886816,232.5,0.1554054054054054,0.3254901960784314,2,1.75390625,5.75390625
7,47,4.145156973486532,237.49999999999997,0.6351351351351351,0.2823529411764706,1,1.75390625,5.75390625
7,48,4.232423436086249,242.49999999999997,0.12837837837837837,0.2784313725490196,1,1.75390625,5.75390625
7,49,4.319689898685965,247.49999999999997,0.32432432432432434,0.2627450980392157,1,1.75390625,5.75390625
7,50,4.4069563612856815,252.49999999999997,0.23310810810810811,0.2431372549019608,2,1.75390625,5.75390625
7,51,4.494222823885399,257.5,0.27702702702702703,0.17254901960784313,1,1.75390625,5.75390625
7,52,4.581489286485115,262.5,0.2905405405405405,0.2483660130718954,3,1.75390625,5.75390625
7,53,4.6687557490848315,267.5,,,0,1.75390625,5.75390625
7,54,4.756022211684548,272.5,,,0,1.75390625,5.75390625
7,55,4.843288674284264,277.5,0.286036036036036,0.2980392156862745,3,1.75390625,5.75390625
7,56,4.930555136883981,282.5,0.18243243243243243,0.15294117647058825,1,1.75390625,5.75390625
7,57,5.017821599483697,287.5,0.2601351351351351,0.3509803921568627,2,1.75390625,5.75390625
7,58,5.105088062083413,292.5,0.2702702702702703,0.3764705882352941,1,1.75390625,5.75390625
7,59,5.192354524683131,297.5,0.21621621621621623,0.3411764705882353,1,1.75390625,5.75390625
7,60,5.279620987282847,302.5,0.1891891891891892,0.20392156862745098,1,1.75390625,5.75390625
7,61,5.366887449882563,307.5,0.20945945945945948,0.33137254901960783,2,1.75390625,5.75390625
7,62,5.45415391248228,312.5,,,0,1.75390625,5.75390625
7,63,5.541420375081996,317.5,0.16666666666666666,0.2496732026143791,3,1.75390625,5.75390625
7,64,5.6286868376817125,322.5,0.23648648648648649,0.30196078431372547,2,1.75390625,5.75390625
7,65,5.715953300281429,327.5,0.0945945945945946,0.12941176470588237,1,1.75390625,5.75390625
7,66,5.803219762881145,332.5,0.22972972972972974,0.34901960784313724,1,1.75390625,5.75390625
7,67,5.890486225480862,337.5,0.25,0.20784313725490197,1,1.75390625,5.75390625
7,68,5.977752688080578,342.49999999999994,0.2635135135135135,0.27647058823529413,2,1.75390625,5.75390625
7,69,6.065019150680295,347.5,0.006756756756756757,0.07058823529411765,1,1.75390625,5.75390625
7,70,6.152285613280012,352.5,0.240990990990991,0.1777777777777778,3,1.75390625,5.75390625
7,71,6.239552075879728,357.5,,,0,1.75390625,5.75390625
8,0,0.04363323129985824,2.5,,,0,2.48046875,6.48046875
8,1,0.1308996938995747,7.499999999999999,0.21553884711779447,0.10065359477124185,3,2.48046875,6.48046875
8,2,0.21816615649929116,12.499999999999998,0.0,0.027450980392156862,1,2.48046875,6.48046875
8,3,0.30543261909900765,17.5,0.23308270676691728,0.16666666666666669,2,2.48046875,6.48046875
8,4,0.39269908169872414,22.5,0.17293233082706766,0.15294117647058825,2,2.48046875,6.48046875
8,5,0.4799655442984406,27.5,0.24060150375939848,0.23921568627450981,1,2.48046875,6.48046875
8,6,0.5672320068981571,32.5,0.0,0.047058823529411764,1,2.48046875,6.48046875
8,7,0.6544984694978735,37.49999999999999,0.22932330827067668,0.2196078431372549,2,2.48046875,6.48046875
8,8,0.7417649320975901,42.5,,,0,2.48046875,6.48046875
8,9,0.8290313946973065,47.5,0.2030075187969925,0.19084967320261437,3,2.48046875,6.48046875
8,10,0.9162978572970231,52.50000000000001,0.3421052631578947,0.25098039215686274,2,2.48046875,6.48046875
8,11,1.0035643198967394,57.5,0.007518796992481203,0.12941176470588237,1,2.48046875,6.48046875
8,12,1.090830782496456,62.50000000000001,0.48120300751879697,0.2980392156862745,1,2.48046875,6.48046875
8,13,1.1780972450961724,67.5,0.2706766917293233,0.23333333333333334,2,2.48046875,6.48046875
8,14,1.2653637076958888,72.5,0.4586466165413534,0.3254901960784314,2,2.48046875,6.48046875
8,15,1.3526301702956054,77.5,0.0,0.1450980392156863,1,2.48046875,6.48046875
8,16,1.4398966328953218,82.5,0.44862155388471175,0.39215686274509803,3,2.48046875,6.48046875
8,17,1.5271630954950384,87.5,,,0,2.48046875,6.48046875
8,18,1.6144295580947547,92.5,,,0,2.48046875,6.48046875
8,19,1.7016960206944711,97.49999999999999,0.5513784461152882,0.4483660130718954,3,2.48046875,6.48046875
8,20,1.7889624832941877,102.5,0.0,0.19215686274509805,1,2.48046875,6.48046875
8,21,1.8762289458939043,107.5,0.5902255639097744,0.4784313725490196,2,2.48046875,6.48046875
8,22,1.9634954084936207,112.5,0.5451127819548872,0.3862745098039216,2,2.48046875,6.48046875
8,23,2.050761871093337,117.5,0.5864661654135338,0.5254901960784314,1,2.48046875,6.48046875
8,24,2.1380283336930535,122.49999999999999,0.20300751879699247,0.3215686274509804,1,2.48046875,6.48046875
8,25,2.2252947962927703,127.50000000000001,0.6015037593984962,0.47843137254901963,2,2.48046875,6.48046875
8,26,2.3125612588924866,132.5,,,0,2.48046875,6.48046875
8,27,2.399827721492203,137.5,0.5413533834586466,0.45751633986928103,3,2.48046875,6.48046875
8,28,2.4870941840919194,142.5,0.5977443609022556,0.5901960784313725,2,2.48046875,6.48046875
8,29,2.574360646691636,147.49999999999997,0.518796992481203,0.396078431372549,1,2.48046875,6.48046875
8,30,2.6616271092913526,152.5,0.5864661654135338,0.7058823529411765,1,2.48046875,6.48046875
8,31,2.748893571891069,157.5,0.6954887218045113,0.5647058823529412,2,2.48046875,6.48046875
8,32,2.8361600344907854,162.5,0.7293233082706767,0.6568627450980392,2,2.48046875,6.48046875
8,33,2.9234264970905017,167.5,0.3007518796992481,0.35294117647058826,1,2.48046875,6.48046875
8,34,3.0106929596902186,172.5,0.899749373433584,0.688888888888889,3,2.48046875,6.48046875
8,35,3.097959422289935,177.5,,,0,2.48046875,6.48046875
8,36,3.1852258848896513,182.5,,,0,2.48046875,6.48046875
8,37,3.2724923474893677,187.5,0.9022556390977444,0.8169934640522877,3,2.48046875,6.48046875
8,38,3.359758810089084,192.49999999999997,0.3458646616541353,0.37254901960784315,1,2.48046875,6.48046875
8,39,3.447025272688801,197.5,0.6015037593984962,0.8215686274509804,2,2.48046875,6.48046875
8,40,3.5342917352885173,202.5,0.6729323308270676,0.615686274509804,2,2.48046875,6.48046875
8,41,3.6215581978882336,207.5,0.48872180451127817,0.6823529411764706,1,2.48046875,6.48046875
8,42,3.70882466048795,212.5,0.7218045112781954,0.4745098039215686,1,2.48046875,6.48046875
8,43,3.796091123087667,217.5,0.45112781954887216,0.5450980392156863,2,2.48046875,6.48046875
8,44,3.883357585687383,222.5,,,0,2.48046875,6.48046875
8,45,3.9706240482870996,227.5,0.4962406015037593,0.38692810457516336,3,2.48046875,6.48046875
8,46,4.057890510886816,232.5,0.2932330827067669,0.32156862745098036,2,2.48046875,6.48046875
8,47,4.145156973486532,237.49999999999997,0.6090225563909775,0.25882352941176473,1,2.48046875,6.48046875
8,48,4.232423436086249,242.49999999999997,0.18796992481203006,0.27450980392156865,1,2.48046875,6.48046875
8,49,4.319689898685965,247.49999999999997,0.4172932330827067,0.2450980392156863,2,2.48046875,6.48046875
8,50,4.4069563612856815,252.49999999999997,0.17293233082706766,0.2392156862745098,2,2.48046875,6.48046875
8,51,4.494222823885399,257.5,0.2706766917293233,0.12549019607843137,1,2.48046875,6.48046875
8,52,4.581489286485115,262.5,0.2882205513784461,0.22745098039215686,3,2.48046875,6.48046875
8,53,4.6687557490848315,267.5,,,0,2.48046875,6.48046875
8,54,4.756022211684548,272.5,,,0,2.48046875,6.48046875
8,55,4.843288674284264,277.5,0.2431077694235589,0.24444444444444446,3,2.48046875,6.48046875
8,56,4.930555136883981,282.5,0.18796992481203006,0.09411764705882353,1,2.48046875,6.48046875
8,57,5.017821599483697,287.5,0.22932330827067668,0.26666666666666666,2,2.48046875,6.48046875
8,58,5.105088062083413,292.5,0.24060150375939848,0.20784313725490197,2,2.48046875,6.48046875
8,59,5.192354524683131,297.5,0.24812030075187969,0.2235294117647059,1,2.48046875,6.48046875
8,60,5.279620987282847,302.5,0.15037593984962405,0.12941176470588237,1,2.48046875,6.48046875
8,61,5.366887449882563,307.5,0.21428571428571427,0.22352941176470587,2,2.48046875,6.48046875
8,62,5.45415391248228,312.5,,,0,2.48046875,6.48046875
8,63,5.541420375081996,317.5,0.1829573934837093,0.1803921568627451,3,2.48046875,6.48046875
8,64,5.6286868376817125,322.5,0.18045112781954886,0.22745098039215686,2,2.48046875,6.48046875
8,65,5.715953300281429,327.5,0.09022556390977443,0.07058823529411765,1,2.48046875,6.48046875
8,66,5.803219762881145,332.5,0.21804511278195488,0.28627450980392155,1,2.48046875,6.48046875
8,67,5.890486225480862,337.5,0.21804511278195488,0.18039215686274512,2,2.48046875,6.48046875
8,68,5.977752688080578,342.49999999999994,0.23308270676691728,0.23333333333333334,2,2.48046875,6.48046875
8,69,6.065019150680295,347.5,0.007518796992481203,0.03137254901960784,1,2.48046875,6.48046875
8,70,6.152285613280012,352.5,0.23057644110275688,0.11895424836601308,3,2.48046875,6.48046875
8,71,6.239552075879728,357.5,,,0,2.48046875,6.48046875
9,0,0.04363323129985824,2.5,,,0,2.48046875,6.48046875
9,1,0.1308996938995747,7.499999999999999,0.14444444444444443,0.09019607843137256,3,2.48046875,6.48046875
9,2,0.21816615649929116,12.499999999999998,0.0,0.027450980392156862,1,2.48046875,6.48046875
9,3,0.30543261909900765,17.5,0.1611111111111111,0.1627450980392157,2,2.48046875,6.48046875
9,4,0.39269908169872414,22.5,0.14444444444444443,0.14313725490196078,2,2.48046875,6.48046875
9,5,0.4799655442984406,27.5,0.19444444444444445,0.20784313725490197,1,2.48046875,6.48046875
9,6,0.5672320068981571,32.5,0.005555555555555556,0.03529411764705882,1,2.48046875,6.48046875
9,7,0.6544984694978735,37.49999999999999,0.20555555555555555,0.17254901960784313,2,2.48046875,6.48046875
9,8,0.7417649320975901,42.5,,,0,2.48046875,6.48046875
9,9,0.8290313946973065,47.5,0.14629629629629629,0.134640522875817,3,2.48046875,6.48046875
9,10,0.9162978572970231,52.50000000000001,0.17777777777777776,0.16666666666666669,2,2.48046875,6.48046875
9,11,1.0035643198967394,57.5,0.011111111111111112,0.06666666666666667,1,2.48046875,6.48046875
9,12,1.090830782496456,62.50000000000001,0.2111111111111111,0.2,1,2.48046875,6.48046875
9,13,1.1780972450961724,67.5,0.13055555555555556,0.14313725490196078,2,2.48046875,6.48046875
9,14,1.2653637076958888,72.5,0.21666666666666667,0.22745098039215686,2,2.48046875,6.48046875
9,15,1.3526301702956054,77.5,0.0,0.07058823529411765,1,2.48046875,6.48046875
9,16,1.4398966328953218,82.5,0.20925925925925926,0.265359477124183,3,2.48046875,6.48046875
9,17,1.5271630954950384,87.5,,,0,2.48046875,6.48046875
9,18,1.6144295580947547,92.5,,,0,2.48046875,6.48046875
9,19,1.7016960206944711,97.49999999999999,0.2740740740740741,0.3215686274509804,3,2.48046875,6.48046875
9,20,1.7889624832941877,102.5,0.005555555555555556,0.10196078431372549,1,2.48046875,6.48046875
9,21,1.8762289458939043,107.5,0.39722222222222225,0.39607843137254906,2,2.48046875,6.48046875
9,22,1.9634954084936207,112.5,0.30000000000000004,0.307843137254902,2,2.48046875,6.48046875
9,23,2.050761871093337,117.5,0.5,0.47058823529411764,1,2.48046875,6.48046875
9,24,2.1380283336930535,122.49999999999999,0.07222222222222222,0.18823529411764706,1,2.48046875,6.48046875
9,25,2.2252947962927703,127.50000000000001,0.4638888888888889,0.43529411764705883,2,2.48046875,6.48046875
9,26,2.3125612588924866,132.5,,,0,2.48046875,6.48046875
9,27,2.399827721492203,137.5,0.39814814814814814,0.4222222222222222,3,2.48046875,6.48046875
9,28,2.4870941840919194,142.5,0.4888888888888889,0.5745098039215686,2,2.48046875,6.48046875
9,29,2.574360646691636,147.49999999999997,0.17777777777777778,0.2823529411764706,1,2.48046875,6.48046875
9,30,2.6616271092913526,152.5,0.5888888888888889,0.6941176470588235,1,2.48046875,6.48046875
9,31,2.748893571891069,157.5,0.5138888888888888,0.5470588235294118,2,2.48046875,6.48046875
9,32,2.8361600344907854,162.5,0.6611111111111111,0.6450980392156863,2,2.48046875,6.48046875
9,33,2.9234264970905017,167.5,0.07777777777777778,0.27450980392156865,1,2.48046875,6.48046875
9,34,3.0106929596902186,172.5,0.7592592592592592,0.665359477124183,3,2.48046875,6.48046875
9,35,3.097959422289935,177.5,,,0,2.48046875,6.48046875
9,36,3.1852258848896513,182.5,,,0,2.48046875,6.48046875
9,37,3.2724923474893677,187.5,0.725925925925926,0.8130718954248367,3,2.48046875,6.48046875
9,38,3.359758810089084,192.49999999999997,0.22777777777777777,0.34509803921568627,1,2.48046875,6.48046875
9,39,3.447025272688801,197.5,0.44166666666666665,0.8176470588235294,2,2.48046875,6.48046875
9,40,3.5342917352885173,202.5,0.5083333333333333,0.6098039215686274,2,2.48046875,6.48046875
9,41,3.6215581978882336,207.5,0.38333333333333336,0.6549019607843137,1,2.48046875,6.48046875
9,42,3.70882466048795,212.5,0.6888888888888889,0.4980392156862745,1,2.48046875,6.48046875
9,43,3.796091123087667,217.5,0.3416666666666667,0.5333333333333333,2,2.48046875,6.48046875
9,44,3.883357585687383,222.5,,,0,2.48046875,6.48046875
9,45,3.9706240482870996,227.5,0.3962962962962963,0.3830065359477124,3,2.48046875,6.48046875
9,46,4.057890510886816,232.5,0.23333333333333334,0.3176470588235294,2,2.48046875,6.48046875
9,47,4.145156973486532,237.49999999999997,0.5944444444444444,0.33725490196078434,1,2.48046875,6.48046875
9,48,4.232423436086249,242.49999999999997,0.1388888888888889,0.25882352941176473,1,2.48046875,6.48046875
9,49,4.319689898685965,247.49999999999997,0.325,0.25098039215686274,2,2.48046875,6.48046875
9,50,4.4069563612856815,252.49999999999997,0.15,0.2235294117647059,2,2.48046875,6.48046875
9,51,4.494222823885399,257.5,0.25,0.2,1,2.48046875,6.48046875
9,52,4.581489286485115,262.5,0.2537037037037037,0.24705882352941178,3,2.48046875,6.48046875
9,53,4.6687557490848315,267.5,,,0,2.48046875,6.48046875
9,54,4.756022211684548,272.5,,,0,2.48046875,6.48046875
9,55,4.843288674284264,277.5,0.20555555555555557,0.257516339869281,3,2.48046875,6.48046875
9,56,4.930555136883981,282.5,0.1388888888888889,0.14901960784313725,1,2.48046875,6.48046875
9,57,5.017821599483697,287.5,0.13611111111111113,0.2529411764705882,2,2.48046875,6.48046875
9,58,5.105088062083413,292.5,0.19722222222222222,0.22156862745098038,2,2.48046875,6.48046875
9,59,5.192354524683131,297.5,0.10555555555555556,0.2196078431372549,1,2.48046875,6.48046875
9,60,5.279620987282847,302.5,0.13333333333333333,0.15294117647058825,1,2.48046875,6.48046875
9,61,5.366887449882563,307.5,0.13333333333333333,0.20784313725490194,2,2.48046875,6.48046875
9,62,5.45415391248228,312.5,,,0,2.48046875,6.48046875
9,63,5.541420375081996,317.5,0.13703703703703704,0.1503267973856209,3,2.48046875,6.48046875
9,64,5.6286868376817125,322.5,0.14166666666666666,0.1568627450980392,2,2.48046875,6.48046875
9,65,5.715953300281429,327.5,0.03888888888888889,0.07058823529411765,1,2.48046875,6.48046875
9,66,5.803219762881145,332.5,0.12777777777777777,0.16862745098039217,1,2.48046875,6.48046875
9,67,5.890486225480862,337.5,0.125,0.10784313725490197,2,2.48046875,6.48046875
9,68,5.977752688080578,342.49999999999994,0.13055555555555554,0.13529411764705884,2,2.48046875,6.48046875
9,69,6.065019150680295,347.5,0.0,0.03529411764705882,1,2.48046875,6.48046875
9,70,6.152285613280012,352.5,0.13518518518518519,0.08758169934640524,3,2.48046875,6.48046875
9,71,6.239552075879728,357.5,,,0,2.48046875,6.48046875
10,0,0.04363323129985824,2.5,0.17475728155339806,0.10980392156862745,1,2.96484375,6.96484375
10,1,0.1308996938995747,7.499999999999999,0.13268608414239483,0.0784313725490196,3,2.96484375,6.96484375
10,2,0.21816615649929116,12.499999999999998,0.13592233009708737,0.14901960784313725,1,2.96484375,6.96484375
10,3,0.30543261909900765,17.5,0.18932038834951456,0.15294117647058825,2,2.96484375,6.96484375
10,4,0.39269908169872414,22.5,0.16181229773462782,0.1450980392156863,3,2.96484375,6.96484375
10,5,0.4799655442984406,27.5,0.2815533980582524,0.19607843137254902,1,2.96484375,6.96484375
10,6,0.5672320068981571,32.5,0.21359223300970873,0.17254901960784313,1,2.96484375,6.96484375
10,7,0.6544984694978735,37.49999999999999,0.2669902912621359,0.17254901960784313,2,2.96484375,6.96484375
10,8,0.7417649320975901,42.5,,,0,2.96484375,6.96484375
10,9,0.8290313946973065,47.5,0.24919093851132687,0.14117647058823532,3,2.96484375,6.96484375
10,10,0.9162978572970231,52.50000000000001,0.31553398058252424,0.18039215686274512,2,2.96484375,6.96484375
10,11,1.0035643198967394,57.5,0.24271844660194175,0.12156862745098039,1,2.96484375,6.96484375
10,12,1.090830782496456,62.50000000000001,0.34951456310679613,0.23137254901960785,1,2.96484375,6.96484375
10,13,1.1780972450961724,67.5,0.24271844660194175,0.1516339869281046,3,2.96484375,6.96484375
10,14,1.2653637076958888,72.5,0.4029126213592233,0.2686274509803922,2,2.96484375,6.96484375
10,15,1.3526301702956054,77.5,0.22330097087378642,0.17647058823529413,1,2.96484375,6.96484375
10,16,1.4398966328953218,82.5,0.3624595469255663,0.2810457516339869,3,2.96484375,6.96484375
10,17,1.5271630954950384,87.5,0.2524271844660194,0.22745098039215686,1,2.96484375,6.96484375
10,18,1.6144295580947547,92.5,0.24271844660194175,0.25098039215686274,1,2.96484375,6.96484375
10,19,1.7016960206944711,97.49999999999999,0.4174757281553398,0.33202614379084966,3,2.96484375,6.96484375
10,20,1.7889624832941877,102.5,0.27184466019417475,0.23137254901960785,1,2.96484375,6.96484375
10,21,1.8762289458939043,107.5,0.6213592233009708,0.44313725490196076,2,2.96484375,6.96484375
10,22,1.9634954084936207,112.5,0.37540453074433655,0.2718954248366013,3,2.96484375,6.96484375
10,23,2.050761871093337,117.5,0.8737864077669902,0.5372549019607843,1,2.96484375,6.96484375
10,24,2.1380283336930535,122.49999999999999,0.46601941747572817,0.30980392156862746,1,2.96484375,6.96484375
10,25,2.2252947962927703,127.50000000000001,0.7330097087378641,0.48039215686274506,2,2.96484375,6.96484375
10,26,2.3125612588924866,132.5,,,0,2.96484375,6.96484375
10,27,2.399827721492203,137.5,0.6440129449838188,0.44052287581699345,3,2.96484375,6.96484375
10,28,2.4870941840919194,142.5,0.7961165048543689,0.6098039215686275,2,2.96484375,6.96484375
10,29,2.574360646691636,147.49999999999997,0.6990291262135923,0.6196078431372549,1,2.96484375,6.96484375
10,30,2.6616271092913526,152.5,0.9514563106796117,0.7215686274509804,1,2.96484375,6.96484375
10,31,2.748893571891069,157.5,0.7313915857605178,0.5006535947712418,3,2.96484375,6.96484375
10,32,2.8361600344907854,162.5,0.8932038834951457,0.615686274509804,2,2.96484375,6.96484375
10,33,2.9234264970905017,167.5,0.6796116504854369,0.43529411764705883,1,2.96484375,6.96484375
10,34,3.0106929596902186,172.5,0.8058252427184467,0.592156862745098,3,2.96484375,6.96484375
10,35,3.097959422289935,177.5,0.6504854368932039,0.41568627450980394,1,2.96484375,6.96484375
10,36,3.1852258848896513,182.5,0.5242718446601942,0.3686274509803922,1,2.96484375,6.96484375
10,37,3.2724923474893677,187.5,0.8478964401294499,0.7712418300653594,3,2.96484375,6.96484375
10,38,3.359758810089084,192.49999999999997,0.44660194174757284,0.2901960784313726,1,2.96484375,6.96484375
10,39,3.447025272688801,197.5,0.8155339805825244,0.8196078431372549,2,2.96484375,6.96484375
10,40,3.5342917352885173,202.5,0.5760517799352751,0.4457516339869281,3,2.96484375,6.96484375
10,41,3.6215581978882336,207.5,0.7281553398058253,0.6392156862745098,1,2.96484375,6.96484375
10,42,3.70882466048795,212.5,0.34951456310679613,0.1843137254901961,1,2.96484375,6.96484375
10,43,3.796091123087667,217.5,0.6067961165048543,0.5196078431372548,2,2.96484375,6.96484375
10,44,3.883357585687383,222.5,,,0,2.96484375,6.96484375
10,45,3.9706240482870996,227.5,0.5728155339805826,0.37254901960784315,3,2.96484375,6.96484375
10,46,4.057890510886816,232.5,0.4029126213592233,0.3156862745098039,2,2.96484375,6.96484375
10,47,4.145156973486532,237.49999999999997,0.22330097087378642,0.1843137254901961,1,2.96484375,6.96484375
10,48,4.232423436086249,242.49999999999997,0.2621359223300971,0.27058823529411763,1,2.96484375,6.96484375
10,49,4.319689898685965,247.49999999999997,0.36893203883495146,0.21437908496732028,3,2.96484375,6.96484375
10,50,4.4069563612856815,252.49999999999997,0.22330097087378642,0.23529411764705882,2,2.96484375,6.96484375
10,51,4.494222823885399,257.5,0.23300970873786409,0.13725490196078433,1,2.96484375,6.96484375
10,52,4.581489286485115,262.5,0.4077669902912621,0.24705882352941178,3,2.96484375,6.96484375
10,53,4.6687557490848315,267.5,0.2524271844660194,0.14901960784313725,1,2.96484375,6.96484375
10,54,4.756022211684548,272.5,0.2524271844660194,0.16862745098039217,1,2.96484375,6.96484375
10,55,4.843288674284264,277.5,0.3656957928802589,0.26666666666666666,3,2.96484375,6.96484375
10,56,4.930555136883981,282.5,0.23300970873786409,0.1607843137254902,1,2.96484375,6.96484375
10,57,5.017821599483697,287.5,0.2621359223300971,0.27450980392156865,2,2.96484375,6.96484375
10,58,5.105088062083413,292.5,0.32038834951456313,0.2130718954248366,3,2.96484375,6.96484375
10,59,5.192354524683131,297.5,0.22330097087378642,0.2823529411764706,1,2.96484375,6.96484375
10,60,5.279620987282847,302.5,0.24271844660194175,0.12156862745098039,1,2.96484375,6.96484375
10,61,5.366887449882563,307.5,0.2621359223300971,0.28627450980392155,2,2.96484375,6.96484375
10,62,5.45415391248228,312.5,,,0,2.96484375,6.96484375
10,63,5.541420375081996,317.5,0.2621359223300971,0.20653594771241832,3,2.96484375,6.96484375
10,64,5.6286868376817125,322.5,0.21359223300970875,0.20392156862745098,2,2.96484375,6.96484375
10,65,5.715953300281429,327.5,0.21359223300970873,0.11764705882352941,1,2.96484375,6.96484375
10,66,5.803219762881145,332.5,0.1262135922330097,0.1843137254901961,1,2.96484375,6.96484375
10,67,5.890486225480862,337.5,0.21682847896440127,0.10457516339869281,3,2.96484375,6.96484375
10,68,5.977752688080578,342.49999999999994,0.1699029126213592,0.11568627450980393,2,2.96484375,6.96484375
10,69,6.065019150680295,347.5,0.1650485436893204,0.08235294117647059,1,2.96484375,6.96484375
10,70,6.152285613280012,352.5,0.1650485436893204,0.07581699346405228,3,2.96484375,6.96484375
10,71,6.239552075879728,357.5,0.17475728155339806,0.08627450980392157,1,2.96484375,6.96484375
11,0,0.04363323129985824,2.5,,,0,2.48046875,6.48046875
11,1,0.1308996938995747,7.499999999999999,0.10059171597633136,0.07058823529411765,3,2.48046875,6.48046875
11,2,0.21816615649929116,12.499999999999998,0.0,0.011764705882352941,1,2.48046875,6.48046875
11,3,0.30543261909900765,17.5,0.10650887573964496,0.12549019607843137,2,2.48046875,6.48046875
11,4,0.39269908169872414,22.5,0.11242603550295857,0.10980392156862745,2,2.48046875,6.48046875
11,5,0.4799655442984406,27.5,0.10650887573964497,0.1607843137254902,1,2.48046875,6.48046875
11,6,0.5672320068981571,32.5,0.011834319526627219,0.011764705882352941,1,2.48046875,6.48046875
11,7,0.6544984694978735,37.49999999999999,0.10650887573964497,0.13725490196078433,2,2.48046875,6.48046875
11,8,0.7417649320975901,42.5,,,0,2.48046875,6.48046875
11,9,0.8290313946973065,47.5,0.10848126232741617,0.10980392156862746,3,2.48046875,6.48046875
11,10,0.9162978572970231,52.50000000000001,0.1390532544378698,0.14313725490196078,2,2.48046875,6.48046875
11,11,1.0035643198967394,57.5,0.011834319526627219,0.03137254901960784,1,2.48046875,6.48046875
11,12,1.090830782496456,62.50000000000001,0.20118343195266272,0.19607843137254902,1,2.48046875,6.48046875
11,13,1.1780972450961724,67.5,0.15384615384615385,0.12549019607843137,2,2.48046875,6.48046875
11,14,1.2653637076958888,72.5,0.21597633136094674,0.22549019607843138,2,2.48046875,6.48046875
11,15,1.3526301702956054,77.5,0.0,0.0392156862745098,1,2.48046875,6.48046875
11,16,1.4398966328953218,82.5,0.17948717948717952,0.23790849673202616,3,2.48046875,6.48046875
11,17,1.5271630954950384,87.5,,,0,2.48046875,6.48046875
11,18,1.6144295580947547,92.5,,,0,2.48046875,6.48046875
11,19,1.7016960206944711,97.49999999999999,0.22682445759368838,0.3084967320261438,3,2.48046875,6.48046875
11,20,1.7889624832941877,102.5,0.0,0.06666666666666667,1,2.48046875,6.48046875
11,21,1.8762289458939043,107.5,0.3431952662721893,0.4647058823529412,2,2.48046875,6.48046875
11,22,1.9634954084936207,112.5,0.3254437869822485,0.3431372549019608,2,2.48046875,6.48046875
11,23,2.050761871093337,117.5,0.4911242603550296,0.5882352941176471,1,2.48046875,6.48046875
11,24,2.1380283336930535,122.49999999999999,0.05917159763313609,0.12941176470588237,1,2.48046875,6.48046875
11,25,2.2252947962927703,127.50000000000001,0.5088757396449703,0.5254901960784314,2,2.48046875,6.48046875
11,26,2.3125612588924866,132.5,,,0,2.48046875,6.48046875
11,27,2.399827721492203,137.5,0.47928994082840237,0.48888888888888893,3,2.48046875,6.48046875
11,28,2.4870941840919194,142.5,0.7189349112426036,0.6901960784313725,2,2.48046875,6.48046875
11,29,2.574360646691636,147.49999999999997,0.10650887573964497,0.1803921568627451,1,2.48046875,6.48046875
11,30,2.6616271092913526,152.5,0.9467455621301775,0.8313725490196079,1,2.48046875,6.48046875
11,31,2.748893571891069,157.5,0.5650887573964497,0.5980392156862745,2,2.48046875,6.48046875
11,32,2.8361600344907854,162.5,0.7721893491124261,0.7019607843137254,2,2.48046875,6.48046875
11,33,2.9234264970905017,167.5,0.047337278106508875,0.15294117647058825,1,2.48046875,6.48046875
11,34,3.0106929596902186,172.5,0.6962524654832346,0.657516339869281,3,2.48046875,6.48046875
11,35,3.097959422289935,177.5,,,0,2.48046875,6.48046875
11,36,3.1852258848896513,182.5,,,0,2.48046875,6.48046875
11,37,3.2724923474893677,187.5,0.6134122287968443,0.7986928104575165,3,2.48046875,6.48046875
11,38,3.359758810089084,192.49999999999997,0.1301775147928994,0.1803921568627451,1,2.48046875,6.48046875
11,39,3.447025272688801,197.5,0.4497041420118343,0.8,2,2.48046875,6.48046875
11,40,3.5342917352885173,202.5,0.3816568047337278,0.5549019607843138,2,2.48046875,6.48046875
11,41,3.6215581978882336,207.5,0.3905325443786982,0.5803921568627451,1,2.48046875,6.48046875
11,42,3.70882466048795,212.5,0.378698224852071,0.32941176470588235,1,2.48046875,6.48046875
11,43,3.796091123087667,217.5,0.29881656804733725,0.44705882352941173,2,2.48046875,6.48046875
11,44,3.883357585687383,222.5,,,0,2.48046875,6.48046875
11,45,3.9706240482870996,227.5,0.3037475345167653,0.29673202614379085,3,2.48046875,6.48046875
11,46,4.057890510886816,232.5,0.21597633136094674,0.2196078431372549,2,2.48046875,6.48046875
11,47,4.145156973486532,237.49999999999997,0.31952662721893493,0.21568627450980393,1,2.48046875,6.48046875
11,48,4.232423436086249,242.49999999999997,0.1834319526627219,0.16470588235294117,1,2.48046875,6.48046875
11,49,4.319689898685965,247.49999999999997,0.2485207100591716,0.17058823529411765,2,2.48046875,6.48046875
11,50,4.4069563612856815,252.49999999999997,0.15976331360946744,0.1411764705882353,2,2.48046875,6.48046875
11,51,4.494222823885399,257.5,0.14792899408284024,0.12549019607843137,1,2.48046875,6.48046875
11,52,4.581489286485115,262.5,0.22090729783037477,0.17647058823529413,3,2.48046875,6.48046875
11,53,4.6687557490848315,267.5,,,0,2.48046875,6.48046875
11,54,4.756022211684548,272.5,,,0,2.48046875,6.48046875
11,55,4.843288674284264,277.5,0.20907297830374758,0.22875816993464052,3,2.48046875,6.48046875
11,56,4.930555136883981,282.5,0.1301775147928994,0.12941176470588237,1,2.48046875,6.48046875
11,57,5.017821599483697,287.5,0.14497041420118345,0.2549019607843137,2,2.48046875,6.48046875
11,58,5.105088062083413,292.5,0.23076923076923078,0.27647058823529413,2,2.48046875,6.48046875
11,59,5.192354524683131,297.5,0.14201183431952663,0.2980392156862745,1,2.48046875,6.48046875
11,60,5.279620987282847,302.5,0.14792899408284024,0.1843137254901961,1,2.48046875,6.48046875
11,61,5.366887449882563,307.5,0.1863905325443787,0.31176470588235294,2,2.48046875,6.48046875
11,62,5.45415391248228,312.5,,,0,2.48046875,6.48046875
11,63,5.541420375081996,317.5,0.1755424063116371,0.2235294117647059,3,2.48046875,6.48046875
11,64,5.6286868376817125,322.5,0.15088757396449703,0.20980392156862746,2,2.48046875,6.48046875
11,65,5.715953300281429,327.5,0.07100591715976332,0.09019607843137255,1,2.48046875,6.48046875
11,66,5.803219762881145,332.5,0.07100591715976332,0.17254901960784313,1,2.48046875,6.48046875
11,67,5.890486225480862,337.5,0.14201183431952663,0.11176470588235293,2,2.48046875,6.48046875
11,68,5.977752688080578,342.49999999999994,0.08875739644970414,0.10588235294117647,2,2.48046875,6.48046875
11,69,6.065019150680295,347.5,0.005917159763313609,0.03137254901960784,1,2.48046875,6.48046875
11,70,6.152285613280012,352.5,0.09664694280078896,0.07450980392156863,3,2.48046875,6.48046875
11,71,6.239552075879728,357.5,,,0,2.48046875,6.48046875
12,0,0.04363323129985824,2.5,,,0,2.48046875,6.48046875
12,1,0.1308996938995747,7.499999999999999,0.08839779005524862,0.07450980392156863,3,2.48046875,6.48046875
12,2,0.21816615649929116,12.499999999999998,0.0,0.011764705882352941,1,2.48046875,6.48046875
12,3,0.30543261909900765,17.5,0.07458563535911603,0.10392156862745097,2,2.48046875,6.48046875
12,4,0.39269908169872414,22.5,0.08839779005524862,0.08627450980392157,2,2.48046875,6.48046875
12,5,0.4799655442984406,27.5,0.09392265193370165,0.13333333333333333,1,2.48046875,6.48046875
12,6,0.5672320068981571,32.5,0.0055248618784530384,0.00784313725490196,1,2.48046875,6.48046875
12,7,0.6544984694978735,37.49999999999999,0.1022099447513812,0.11764705882352941,2,2.48046875,6.48046875
12,8,0.7417649320975901,42.5,,,0,2.48046875,6.48046875
12,9,0.8290313946973065,47.5,0.0976058931860037,0.09542483660130718,3,2.48046875,6.48046875
12,10,0.9162978572970231,52.50000000000001,0.11602209944751381,0.11372549019607843,2,2.48046875,6.48046875
12,11,1.0035643198967394,57.5,0.016574585635359115,0.00392156862745098,1,2.48046875,6.48046875
12,12,1.090830782496456,62.50000000000001,0.13812154696132597,0.1411764705882353,1,2.48046875,6.48046875
12,13,1.1780972450961724,67.5,0.10773480662983426,0.08039215686274509,2,2.48046875,6.48046875
12,14,1.2653637076958888,72.5,0.14917127071823205,0.14509803921568626,2,2.48046875,6.48046875
12,15,1.3526301702956054,77.5,0.0055248618784530384,0.00784313725490196,1,2.48046875,6.48046875
12,16,1.4398966328953218,82.5,0.13075506445672191,0.1372549019607843,3,2.48046875,6.48046875
12,17,1.5271630954950384,87.5,,,0,2.48046875,6.48046875
12,18,1.6144295580947547,92.5,,,0,2.48046875,6.48046875
12,19,1.7016960206944711,97.49999999999999,0.18416206261510126,0.19084967320261437,3,2.48046875,6.48046875
12,20,1.7889624832941877,102.5,0.011049723756906077,0.027450980392156862,1,2.48046875,6.48046875
12,21,1.8762289458939043,107.5,0.30939226519337015,0.33529411764705885,2,2.48046875,6.48046875
12,22,1.9634954084936207,112.5,0.23756906077348067,0.24705882352941178,2,2.48046875,6.48046875
12,23,2.050761871093337,117.5,0.3370165745856354,0.4666666666666667,1,2.48046875,6.48046875
12,24,2.1380283336930535,122.49999999999999,0.049723756906077346,0.0784313725490196,1,2.48046875,6.48046875
12,25,2.2252947962927703,127.50000000000001,0.36464088397790057,0.4176470588235294,2,2.48046875,6.48046875
12,26,2.3125612588924866,132.5,,,0,2.48046875,6.48046875
12,27,2.399827721492203,137.5,0.3996316758747698,0.40915032679738567,3,2.48046875,6.48046875
12,28,2.4870941840919194,142.5,0.5773480662983426,0.615686274509804,2,2.48046875,6.48046875
12,29,2.574360646691636,147.49999999999997,0.13259668508287292,0.15294117647058825,1,2.48046875,6.48046875
12,30,2.6616271092913526,152.5,0.7513812154696132,0.7843137254901961,1,2.48046875,6.48046875
12,31,2.748893571891069,157.5,0.6215469613259669,0.5666666666666667,2,2.48046875,6.48046875
12,32,2.8361600344907854,162.5,0.8563535911602209,0.6745098039215687,2,2.48046875,6.48046875
12,33,2.9234264970905017,167.5,0.0718232044198895,0.15294117647058825,1,2.48046875,6.48046875
12,34,3.0106929596902186,172.5,0.7495395948434623,0.6418300653594771,3,2.48046875,6.48046875
12,35,3.097959422289935,177.5,,,0,2.48046875,6.48046875
12,36,3.1852258848896513,182.5,,,0,2.48046875,6.48046875
12,37,3.2724923474893677,187.5,0.8103130755064457,0.7986928104575165,3,2.48046875,6.48046875
12,38,3.359758810089084,192.49999999999997,0.13259668508287292,0.19215686274509805,1,2.48046875,6.48046875
12,39,3.447025272688801,197.5,0.6077348066298343,0.8313725490196078,2,2.48046875,6.48046875
12,40,3.5342917352885173,202.5,0.5331491712707183,0.5882352941176471,2,2.48046875,6.48046875
12,41,3.6215581978882336,207.5,0.430939226519337,0.6352941176470588,1,2.48046875,6.48046875
12,42,3.70882466048795,212.5,0.425414364640884,0.3333333333333333,1,2.48046875,6.48046875
12,43,3.796091123087667,217.5,0.3867403314917127,0.5,2,2.48046875,6.48046875
12,44,3.883357585687383,222.5,,,0,2.48046875,6.48046875
12,45,3.9706240482870996,227.5,0.3333333333333333,0.33202614379084966,3,2.48046875,6.48046875
12,46,4.057890510886816,232.5,0.2845303867403315,0.26078431372549016,2,2.48046875,6.48046875
12,47,4.145156973486532,237.49999999999997,0.34806629834254144,0.23921568627450981,1,2.48046875,6.48046875
12,48,4.232423436086249,242.49999999999997,0.19889502762430938,0.18823529411764706,1,2.48046875,6.48046875
12,49,4.319689898685965,247.49999999999997,0.281767955801105,0.18039215686274512,2,2.48046875,6.48046875
12,50,4.4069563612856815,252.49999999999997,0.13812154696132597,0.13529411764705884,2,2.48046875,6.48046875
12,51,4.494222823885399,257.5,0.11602209944751381,0.12941176470588237,1,2.48046875,6.48046875
12,52,4.581489286485115,262.5,0.20257826887661143,0.16732026143790849,3,2.48046875,6.48046875
12,53,4.6687557490848315,267.5,,,0,2.48046875,6.48046875
12,54,4.756022211684548,272.5,,,0,2.48046875,6.48046875
12,55,4.843288674284264,277.5,0.18416206261510126,0.1869281045751634,3,2.48046875,6.48046875
12,56,4.930555136883981,282.5,0.08287292817679558,0.10588235294117647,1,2.48046875,6.48046875
12,57,5.017821599483697,287.5,0.1298342541436464,0.1784313725490196,2,2.48046875,6.48046875
12,58,5.105088062083413,292.5,0.18232044198895025,0.20588235294117646,2,2.48046875,6.48046875
12,59,5.192354524683131,297.5,0.14917127071823205,0.21176470588235294,1,2.48046875,6.48046875
12,60,5.279620987282847,302.5,0.09944751381215469,0.13725490196078433,1,2.48046875,6.48046875
12,61,5.366887449882563,307.5,0.1850828729281768,0.23529411764705882,2,2.48046875,6.48046875
12,62,5.45415391248228,312.5,,,0,2.48046875,6.48046875
12,63,5.541420375081996,317.5,0.1675874769797422,0.1699346405228758,3,2.48046875,6.48046875
12,64,5.6286868376817125,322.5,0.17403314917127072,0.17058823529411765,2,2.48046875,6.48046875
12,65,5.715953300281429,327.5,0.03867403314917127,0.058823529411764705,1,2.48046875,6.48046875
12,66,5.803219762881145,332.5,0.11602209944751381,0.16470588235294117,1,2.48046875,6.48046875
12,67,5.890486225480862,337.5,0.13535911602209943,0.10588235294117647,2,2.48046875,6.48046875
12,68,5.977752688080578,342.49999999999994,0.09944751381215469,0.11568627450980393,2,2.48046875,6.48046875
12,69,6.065019150680295,347.5,0.0,0.0196078431372549,1,2.48046875,6.48046875
12,70,6.152285613280012,352.5,0.10865561694290975,0.08104575163398693,3,2.48046875,6.48046875
12,71,6.239552075879728,357.5,,,0,2.48046875,6.48046875
13,0,0.04363323129985824,2.5,,,0,2.48046875,6.48046875
13,1,0.1308996938995747,7.499999999999999,0.12304250559284118,0.10588235294117647,3,2.48046875,6.48046875
13,2,0.21816615649929116,12.499999999999998,0.0,0.047058823529411764,1,2.48046875,6.48046875
13,3,0.30543261909900765,17.5,0.10738255033557048,0.11176470588235295,2,2.48046875,6.48046875
13,4,0.39269908169872414,22.5,0.1040268456375839,0.10196078431372549,2,2.48046875,6.48046875
13,5,0.4799655442984406,27.5,0.10738255033557047,0.12941176470588237,1,2.48046875,6.48046875
13,6,0.5672320068981571,32.5,0.006711409395973154,0.06274509803921569,1,2.48046875,6.48046875
13,7,0.6544984694978735,37.49999999999999,0.11073825503355705,0.12352941176470589,2,2.48046875,6.48046875
13,8,0.7417649320975901,42.5,,,0,2.48046875,6.48046875
13,9,0.8290313946973065,47.5,0.09172259507829977,0.10326797385620916,3,2.48046875,6.48046875
13,10,0.9162978572970231,52.50000000000001,0.11409395973154363,0.11372549019607843,2,2.48046875,6.48046875
13,11,1.0035643198967394,57.5,0.020134228187919462,0.0392156862745098,1,2.48046875,6.48046875
13,12,1.090830782496456,62.50000000000001,0.14093959731543623,0.12941176470588237,1,2.48046875,6.48046875
13,13,1.1780972450961724,67.5,0.1040268456375839,0.08039215686274509,2,2.48046875,6.48046875
13,14,1.2653637076958888,72.5,0.15100671140939598,0.12549019607843137,2,2.48046875,6.48046875
13,15,1.3526301702956054,77.5,0.0,0.011764705882352941,1,2.48046875,6.48046875
13,16,1.4398966328953218,82.5,0.1588366890380313,0.12026143790849675,3,2.48046875,6.48046875
13,17,1.5271630954950384,87.5,,,0,2.48046875,6.48046875
13,18,1.6144295580947547,92.5,,,0,2.48046875,6.48046875
13,19,1.7016960206944711,97.49999999999999,0.18120805369127516,0.1542483660130719,3,2.48046875,6.48046875
13,20,1.7889624832941877,102.5,0.013422818791946308,0.0,1,2.48046875,6.48046875
13,21,1.8762289458939043,107.5,0.2348993288590604,0.27450980392156865,2,2.48046875,6.48046875
13,22,1.9634954084936207,112.5,0.24161073825503354,0.19019607843137254,2,2.48046875,6.48046875
13,23,2.050761871093337,117.5,0.3221476510067114,0.38823529411764707,1,2.48046875,6.48046875
13,24,2.1380283336930535,122.49999999999999,0.087248322147651,0.00784313725490196,1,2.48046875,6.48046875
13,25,2.2252947962927703,127.50000000000001,0.31879194630872487,0.32745098039215687,2,2.48046875,6.48046875
13,26,2.3125612588924866,132.5,,,0,2.48046875,6.48046875
13,27,2.399827721492203,137.5,0.33557046979865773,0.31241830065359477,3,2.48046875,6.48046875
13,28,2.4870941840919194,142.5,0.42953020134228187,0.4803921568627451,2,2.48046875,6.48046875
13,29,2.574360646691636,147.49999999999997,0.12751677852348994,0.023529411764705882,1,2.48046875,6.48046875
13,30,2.6616271092913526,152.5,0.5637583892617449,0.6588235294117647,1,2.48046875,6.48046875
13,31,2.748893571891069,157.5,0.47651006711409394,0.4372549019607843,2,2.48046875,6.48046875
13,32,2.8361600344907854,162.5,0.6845637583892618,0.5686274509803921,2,2.48046875,6.48046875
13,33,2.9234264970905017,167.5,0.06711409395973154,0.03529411764705882,1,2.48046875,6.48046875
13,34,3.0106929596902186,172.5,0.6711409395973154,0.5294117647058824,3,2.48046875,6.48046875
13,35,3.097959422289935,177.5,,,0,2.48046875,6.48046875
13,36,3.1852258848896513,182.5,,,0,2.48046875,6.48046875
13,37,3.2724923474893677,187.5,0.8165548098434003,0.7294117647058823,3,2.48046875,6.48046875
13,38,3.359758810089084,192.49999999999997,0.12751677852348994,0.09803921568627451,1,2.48046875,6.48046875
13,39,3.447025272688801,197.5,0.8221476510067114,0.8490196078431372,2,2.48046875,6.48046875
13,40,3.5342917352885173,202.5,0.62751677852349,0.6019607843137255,2,2.48046875,6.48046875
13,41,3.6215581978882336,207.5,0.5838926174496645,0.6941176470588235,1,2.48046875,6.48046875
13,42,3.70882466048795,212.5,0.40268456375838924,0.28627450980392155,1,2.48046875,6.48046875
13,43,3.796091123087667,217.5,0.5503355704697986,0.5705882352941176,2,2.48046875,6.48046875
13,44,3.883357585687383,222.5,,,0,2.48046875,6.48046875
13,45,3.9706240482870996,227.5,0.4742729306487696,0.40130718954248373,3,2.48046875,6.48046875
13,46,4.057890510886816,232.5,0.4228187919463088,0.3588235294117647,2,2.48046875,6.48046875
13,47,4.145156973486532,237.49999999999997,0.3959731543624161,0.2823529411764706,1,2.48046875,6.48046875
13,48,4.232423436086249,242.49999999999997,0.2751677852348993,0.2901960784313726,1,2.48046875,6.48046875
13,49,4.319689898685965,247.49999999999997,0.3422818791946309,0.2647058823529412,2,2.48046875,6.48046875
13,50,4.4069563612856815,252.49999999999997,0.20134228187919462,0.21176470588235294,2,2.48046875,6.48046875
13,51,4.494222823885399,257.5,0.18791946308724833,0.15294117647058825,1,2.48046875,6.48046875
13,52,4.581489286485115,262.5,0.2953020134228188,0.2261437908496732,3,2.48046875,6.48046875
13,53,4.6687557490848315,267.5,,,0,2.48046875,6.48046875
13,54,4.756022211684548,272.5,,,0,2.48046875,6.48046875
13,55,4.843288674284264,277.5,0.2885906040268456,0.20784313725490197,3,2.48046875,6.48046875
13,56,4.930555136883981,282.5,0.12751677852348994,0.12156862745098039,1,2.48046875,6.48046875
13,57,5.017821599483697,287.5,0.16442953020134227,0.1568627450980392,2,2.48046875,6.48046875
13,58,5.105088062083413,292.5,0.2516778523489933,0.19411764705882353,2,2.48046875,6.48046875
13,59,5.192354524683131,297.5,0.15436241610738255,0.1803921568627451,1,2.48046875,6.48046875
13,60,5.279620987282847,302.5,0.12751677852348994,0.1411764705882353,1,2.48046875,6.48046875
13,61,5.366887449882563,307.5,0.1912751677852349,0.21764705882352942,2,2.48046875,6.48046875
13,62,5.45415391248228,312.5,,,0,2.48046875,6.48046875
13,63,5.541420375081996,317.5,0.1610738255033557,0.15947712418300655,3,2.48046875,6.48046875
13,64,5.6286868376817125,322.5,0.174496644295302,0.16666666666666669,2,2.48046875,6.48046875
13,65,5.715953300281429,327.5,0.040268456375838924,0.07058823529411765,1,2.48046875,6.48046875
13,66,5.803219762881145,332.5,0.1610738255033557,0.16862745098039217,1,2.48046875,6.48046875
13,67,5.890486225480862,337.5,0.18120805369127518,0.12156862745098039,2,2.48046875,6.48046875
13,68,5.977752688080578,342.49999999999994,0.14093959731543626,0.13137254901960785,2,2.48046875,6.48046875
13,69,6.065019150680295,347.5,0.0,0.047058823529411764,1,2.48046875,6.48046875
13,70,6.152285613280012,352.5,0.1476510067114094,0.10980392156862745,3,2.48046875,6.48046875
13,71,6.239552075879728,357.5,,,0,2.48046875,6.48046875
14,0,0.04363323129985824,2.5,,,0,1.75390625,5.75390625
14,1,0.1308996938995747,7.499999999999999,0.11794871794871796,0.10588235294117647,3,1.75390625,5.75390625
14,2,0.21816615649929116,12.499999999999998,0.0,0.043137254901960784,1,1.75390625,5.75390625
14,3,0.30543261909900765,17.5,0.1,0.11568627450980393,2,1.75390625,5.75390625
14,4,0.39269908169872414,22.5,0.13076923076923078,0.1450980392156863,1,1.75390625,5.75390625
14,5,0.4799655442984406,27.5,0.12307692307692308,0.12549019607843137,1,1.75390625,5.75390625
14,6,0.5672320068981571,32.5,0.007692307692307693,0.08235294117647059,1,1.75390625,5.75390625
14,7,0.6544984694978735,37.49999999999999,0.11538461538461539,0.11960784313725491,2,1.75390625,5.75390625
14,8,0.7417649320975901,42.5,,,0,1.75390625,5.75390625
14,9,0.8290313946973065,47.5,0.08717948717948719,0.09150326797385622,3,1.75390625,5.75390625
14,10,0.9162978572970231,52.50000000000001,0.13846153846153847,0.11372549019607843,2,1.75390625,5.75390625
14,11,1.0035643198967394,57.5,0.015384615384615385,0.06666666666666667,1,1.75390625,5.75390625
14,12,1.090830782496456,62.50000000000001,0.13076923076923078,0.11372549019607843,1,1.75390625,5.75390625
14,13,1.1780972450961724,67.5,0.13076923076923078,0.11372549019607843,1,1.75390625,5.75390625
14,14,1.2653637076958888,72.5,0.13076923076923078,0.11568627450980393,2,1.75390625,5.75390625
14,15,1.3526301702956054,77.5,0.0,0.027450980392156862,1,1.75390625,5.75390625
14,16,1.4398966328953218,82.5,0.16666666666666666,0.12418300653594772,3,1.75390625,5.75390625
14,17,1.5271630954950384,87.5,,,0,1.75390625,5.75390625
14,18,1.6144295580947547,92.5,,,0,1.75390625,5.75390625
14,19,1.7016960206944711,97.49999999999999,0.21794871794871795,0.1477124183006536,3,1.75390625,5.75390625
14,20,1.7889624832941877,102.5,0.0,0.011764705882352941,1,1.75390625,5.75390625
14,21,1.8762289458939043,107.5,0.3,0.24901960784313726,2,1.75390625,5.75390625
14,22,1.9634954084936207,112.5,0.3076923076923077,0.058823529411764705,1,1.75390625,5.75390625
14,23,2.050761871093337,117.5,0.3769230769230769,0.34901960784313724,1,1.75390625,5.75390625
14,24,2.1380283336930535,122.49999999999999,0.08461538461538462,0.00784313725490196,1,1.75390625,5.75390625
14,25,2.2252947962927703,127.50000000000001,0.36923076923076925,0.28431372549019607,2,1.75390625,5.75390625
14,26,2.3125612588924866,132.5,,,0,1.75390625,5.75390625
14,27,2.399827721492203,137.5,0.26153846153846155,0.1568627450980392,3,1.75390625,5.75390625
14,28,2.4870941840919194,142.5,0.5038461538461538,0.4294117647058823,2,1.75390625,5.75390625
14,29,2.574360646691636,147.49999999999997,0.18461538461538463,0.011764705882352941,1,1.75390625,5.75390625
14,30,2.6616271092913526,152.5,0.6153846153846154,0.6196078431372549,1,1.75390625,5.75390625
14,31,2.748893571891069,157.5,0.5076923076923077,0.10196078431372549,1,1.75390625,5.75390625
14,32,2.8361600344907854,162.5,0.6576923076923077,0.5392156862745098,2,1.75390625,5.75390625
14,33,2.9234264970905017,167.5,0.1,0.0196078431372549,1,1.75390625,5.75390625
14,34,3.0106929596902186,172.5,0.6769230769230768,0.5019607843137255,3,1.75390625,5.75390625
14,35,3.097959422289935,177.5,,,0,1.75390625,5.75390625
14,36,3.1852258848896513,182.5,,,0,1.75390625,5.75390625
14,37,3.2724923474893677,187.5,0.7589743589743589,0.7137254901960784,3,1.75390625,5.75390625
14,38,3.359758810089084,192.49999999999997,0.2153846153846154,0.07450980392156863,1,1.75390625,5.75390625
14,39,3.447025272688801,197.5,0.8807692307692307,0.8509803921568627,2,1.75390625,5.75390625
14,40,3.5342917352885173,202.5,0.7076923076923077,0.7725490196078432,1,1.75390625,5.75390625
14,41,3.6215581978882336,207.5,0.9153846153846154,0.7058823529411765,1,1.75390625,5.75390625
14,42,3.70882466048795,212.5,0.5230769230769231,0.24705882352941178,1,1.75390625,5.75390625
14,43,3.796091123087667,217.5,0.676923076923077,0.5941176470588235,2,1.75390625,5.75390625
14,44,3.883357585687383,222.5,,,0,1.75390625,5.75390625
14,45,3.9706240482870996,227.5,0.4615384615384615,0.3699346405228759,3,1.75390625,5.75390625
14,46,4.057890510886816,232.5,0.5076923076923077,0.3862745098039216,2,1.75390625,5.75390625
14,47,4.145156973486532,237.49999999999997,0.3923076923076923,0.2823529411764706,1,1.75390625,5.75390625
14,48,4.232423436086249,242.49999999999997,0.38461538461538464,0.3176470588235294,1,1.75390625,5.75390625
14,49,4.319689898685965,247.49999999999997,0.7538461538461538,0.40784313725490196,1,1.75390625,5.75390625
14,50,4.4069563612856815,252.49999999999997,0.2692307692307692,0.22549019607843138,2,1.75390625,5.75390625
14,51,4.494222823885399,257.5,0.16923076923076924,0.1411764705882353,1,1.75390625,5.75390625
14,52,4.581489286485115,262.5,0.41794871794871796,0.25098039215686274,3,1.75390625,5.75390625
14,53,4.6687557490848315,267.5,,,0,1.75390625,5.75390625
14,54,4.756022211684548,272.5,,,0,1.75390625,5.75390625
14,55,4.843288674284264,277.5,0.31794871794871793,0.23006535947712417,3,1.75390625,5.75390625
14,56,4.930555136883981,282.5,0.14615384615384616,0.10588235294117647,1,1.75390625,5.75390625
14,57,5.017821599483697,287.5,0.20769230769230768,0.1764705882352941,2,1.75390625,5.75390625
14,58,5.105088062083413,292.5,0.45384615384615384,0.34509803921568627,1,1.75390625,5.75390625
14,59,5.192354524683131,297.5,0.2,0.20784313725490197,1,1.75390625,5.75390625
14,60,5.279620987282847,302.5,0.2076923076923077,0.12549019607843137,1,1.75390625,5.75390625
14,61,5.366887449882563,307.5,0.25384615384615383,0.23137254901960785,2,1.75390625,5.75390625
14,62,5.45415391248228,312.5,,,0,1.75390625,5.75390625
14,63,5.541420375081996,317.5,0.1794871794871795,0.134640522875817,3,1.75390625,5.75390625
14,64,5.6286868376817125,322.5,0.21153846153846154,0.15098039215686276,2,1.75390625,5.75390625
14,65,5.715953300281429,327.5,0.07692307692307693,0.050980392156862744,1,1.75390625,5.75390625
14,66,5.803219762881145,332.5,0.17692307692307693,0.14901960784313725,1,1.75390625,5.75390625
14,67,5.890486225480862,337.5,0.25384615384615383,0.09803921568627451,1,1.75390625,5.75390625
14,68,5.977752688080578,342.49999999999994,0.13846153846153847,0.10784313725490197,2,1.75390625,5.75390625
14,69,6.065019150680295,347.5,0.0,0.027450980392156862,1,1.75390625,5.75390625
14,70,6.152285613280012,352.5,0.14102564102564105,0.09019607843137255,3,1.75390625,5.75390625
14,71,6.239552075879728,357.5,,,0,1.75390625,5.75390625
